frame,target_start_ns,frame_start_ns,start_lateness_ns,legacy_measurement_ns,latch_begin_ns,latch_end_ns,use_time_ns,newest_timestamp_ns,newest_sequence,oldest_timestamp_ns,actual_age_ns,legacy_age_ns,latch_cost_ns,post_latch_to_use_ns,head_at_frame_start,head_at_initial_latch,head_at_final_latch,local_tail_after,records,late_records,checks,expensive_actions,ring_depth_after
0,1146925492105,1146925492542,437,1146927193062,1146927193062,1146927202564,1146927302787,0,0,0,0,0,9502,100223,0,0,0,0,0,0,1,0,0
1,1146929658771,1146929744386,85615,1146931444905,1146931444905,1146931458586,1146931558752,1146931350327,33,1146927366016,208425,94578,13681,100166,20,33,33,33,33,0,1,1,34
2,1146933825437,1146933906357,80920,1146935614079,1146935614079,1146935616663,1146935716926,1146935599441,67,1146931474944,117485,14638,2584,100263,53,67,67,67,34,0,1,1,34
3,1146937992103,1146938066280,74177,1146939766506,1146939766506,1146939767519,1146939867603,1146939725123,100,1146935724527,142480,41383,1013,100084,86,100,100,100,33,0,1,1,33
4,1146942158769,1146942230042,71273,1146943930282,1146943930282,1146943931306,1146944031384,1146943722337,132,1146940017707,309047,207945,1024,100078,120,132,132,132,32,0,1,1,32
5,1146946325435,1146946451400,125965,1146948151659,1146948151659,1146948162699,1146948262799,1146948107095,167,1146944036153,155704,44564,11040,100100,153,167,167,167,35,0,1,1,36
6,1146950492101,1146950568582,76481,1146952268827,1146952268827,1146952269811,1146952369896,1146952222007,200,1146948223680,147889,46820,984,100085,185,200,200,200,33,0,1,1,34
7,1146954658767,1146954731642,72875,1146956431886,1146956431886,1146956432642,1146956532731,1146956347806,233,1146952357571,184925,84080,756,100089,220,233,233,233,33,0,1,1,34
8,1146958825433,1146958898150,72717,1146960598501,1146960598501,1146960599484,1146960699607,1146960598291,267,1146956473000,101316,210,983,100123,253,267,267,267,34,0,1,1,34
9,1146962992099,1146963064825,72726,1146964782896,1146964782896,1146964783903,1146964884056,1146964723172,300,1146960737415,160884,59724,1007,100153,286,300,300,300,33,0,1,1,34
10,1146967158765,1146967232166,73401,1146968932364,1146968932364,1146968933080,1146969033213,1146968721941,332,1146964847022,311272,210423,716,100133,320,332,332,332,32,0,1,1,34
11,1146971325431,1146971401801,76370,1146973102051,1146973102051,1146973104017,1146973220054,1146973098396,367,1146968994710,121658,3655,1966,116037,353,367,367,367,35,0,1,1,35
12,1146975492097,1146975640140,148043,1146977340412,1146977340412,1146977342144,1146977442216,1146977224486,400,1146973274643,217730,115926,1732,100072,387,400,400,400,33,0,1,1,34
13,1146979658763,1146979733258,74495,1146981433593,1146981433593,1146981434842,1146981534996,1146981348915,433,1146977351653,186081,84678,1249,100154,420,433,433,433,33,0,1,1,34
14,1146983825429,1146983899851,74422,1146985600123,1146985600123,1146985601198,1146985701311,1146985348427,465,1146981472936,352884,251696,1075,100113,453,465,465,465,32,0,1,1,32
15,1146987992095,1146988024456,32361,1146989724726,1146989724726,1146989725729,1146989825817,1146989723407,500,1146985822025,102410,1319,1003,100088,485,500,500,500,35,0,1,1,35
16,1146992158761,1146992240183,81422,1146993940372,1146993940372,1146993941294,1146994041406,1146993850171,533,1146989870627,191235,90201,922,100112,520,533,533,533,33,0,1,1,34
17,1146996325427,1146996408153,82726,1146998108322,1146998108322,1146998109372,1146998209510,1146998097799,567,1146993975227,111711,10523,1050,100138,553,567,567,567,34,0,1,1,34
18,1147000492093,1147000570232,78139,1147002270392,1147002270392,1147002271203,1147002371342,1147002224977,600,1146998223823,146365,45415,811,100139,586,600,600,600,33,0,1,1,34
19,1147004658759,1147004734548,75789,1147006434790,1147006434790,1147006435723,1147006535826,1147006349699,633,1147002350328,186127,85091,933,100103,620,633,633,633,33,0,1,1,34
20,1147008825425,1147008903869,78444,1147010604097,1147010604097,1147010605031,1147010705114,1147010597163,667,1147006474836,107951,6934,934,100083,653,667,667,667,34,0,1,1,34
21,1147012992091,1147013072518,80427,1147014772805,1147014772805,1147014773901,1147014874003,1147014757997,700,1147010768237,116006,14808,1096,100102,686,700,700,700,33,0,1,1,34
22,1147017158757,1147017255173,96416,1147018955453,1147018955453,1147018956423,1147019056539,1147018848155,733,1147014847839,208384,107298,970,100116,720,733,733,733,33,0,1,1,34
23,1147021325423,1147021405255,79832,1147023105496,1147023105496,1147023106503,1147023206623,1147023100261,767,1147018973163,106362,5235,1007,100120,753,767,767,767,34,0,1,1,34
24,1147025492089,1147025664096,172007,1147027364376,1147027364376,1147027365470,1147027465567,1147027349928,801,1147023244243,115639,14448,1094,100097,787,801,801,801,34,0,1,1,34
25,1147029658755,1147029742075,83320,1147031442486,1147031442486,1147031444216,1147031544398,1147031349407,833,1147027474665,194991,93079,1730,100182,820,833,833,833,32,0,1,1,33
26,1147033825421,1147033904066,78645,1147035604314,1147035604314,1147035606027,1147035706116,1147035599968,867,1147031474760,106148,4346,1713,100089,853,867,867,867,34,0,1,1,34
27,1147037992087,1147038077606,85519,1147039777848,1147039777848,1147039778829,1147039878940,1147039724436,900,1147035725615,154504,53412,981,100111,886,900,900,900,33,0,1,1,34
28,1147042158753,1147042243942,85189,1147043944215,1147043944215,1147043944996,1147044045105,1147043867621,933,1147039849714,177484,76594,781,100109,920,933,933,933,33,0,1,1,34
29,1147046325419,1147046398676,73257,1147048098942,1147048098942,1147048099930,1147048200067,1147047966892,966,1147043976727,233175,132050,988,100137,953,966,966,966,33,0,1,1,34
30,1147050492085,1147050564338,72253,1147052264546,1147052264546,1147052265464,1147052365651,1147052229733,1000,1147048103629,135918,34813,918,100187,986,1000,1000,1000,34,0,1,1,34
31,1147054658751,1147054730823,72072,1147056431102,1147056431102,1147056432075,1147056532181,1147056348406,1033,1147052368923,183775,82696,973,100106,1020,1033,1033,1033,33,0,1,1,34
32,1147058825417,1147058895694,70277,1147060595986,1147060595986,1147060596881,1147060696954,1147060472749,1066,1147056473381,224205,123237,895,100073,1053,1066,1066,1066,33,0,1,1,34
33,1147062992083,1147063063255,71172,1147064763501,1147064763501,1147064764536,1147064864651,1147064723296,1100,1147060597737,141355,40205,1035,100115,1086,1100,1100,1100,34,0,1,1,35
34,1147067158749,1147067233766,75017,1147068933962,1147068933962,1147068935006,1147069035101,1147068848165,1133,1147064848506,186936,85797,1044,100095,1120,1133,1133,1133,33,0,1,1,34
35,1147071325415,1147071411514,86099,1147073245669,1147073245669,1147073247307,1147073347444,1147073098200,1167,1147068973141,249244,147469,1638,100137,1153,1167,1167,1167,34,0,1,1,35
36,1147075492081,1147075584042,91961,1147077284274,1147077284274,1147077285586,1147077385686,1147077222079,1200,1147073290557,163607,62195,1312,100100,1186,1200,1200,1200,33,0,1,1,34
37,1147079658747,1147079731638,72891,1147081431881,1147081431881,1147081433053,1147081533159,1147081349537,1233,1147077350112,183622,82344,1172,100106,1220,1233,1233,1233,33,0,1,1,34
38,1147083825413,1147083896050,70637,1147085596428,1147085596428,1147085597291,1147085697445,1147085473169,1266,1147081473122,224276,123259,863,100154,1253,1266,1266,1266,33,0,1,1,34
39,1147087992079,1147088023076,30997,1147089723314,1147089723314,1147089724161,1147089824313,1147089598263,1299,1147085598216,226050,125051,847,100152,1286,1299,1299,1299,33,0,1,1,34
40,1147092158745,1147092233069,74324,1147093933347,1147093933347,1147093934178,1147094034380,1147093849920,1333,1147089771395,184460,83427,831,100202,1320,1333,1333,1333,34,0,1,1,35
41,1147096325411,1147096401297,75886,1147098101539,1147098101539,1147098102612,1147098202741,1147098099184,1367,1147093974881,103557,2355,1073,100129,1353,1367,1367,1367,34,0,1,1,34
42,1147100492077,1147100567302,75225,1147102267586,1147102267586,1147102268582,1147102368772,1147102222888,1400,1147098240148,145884,44698,996,100190,1386,1400,1400,1400,33,0,1,1,34
43,1147104658743,1147104734677,75934,1147106434880,1147106434880,1147106435756,1147106535883,1147106348628,1433,1147102347699,187255,86252,876,100127,1420,1433,1433,1433,33,0,1,1,34
44,1147108825409,1147108915620,90211,1147110615808,1147110615808,1147110616630,1147110716724,1147110599451,1467,1147106472721,117273,16357,822,100094,1453,1467,1467,1467,34,0,1,1,34
45,1147112992075,1147113068370,76295,1147114768518,1147114768518,1147114769384,1147114869460,1147114765047,1500,1147110724436,104413,3471,866,100076,1486,1500,1500,1500,33,0,1,1,34
46,1147117158741,1147117245117,86376,1147118945262,1147118945262,1147118946137,1147119046228,1147118848435,1533,1147114848487,197793,96827,875,100091,1520,1533,1533,1533,33,0,1,1,34
47,1147121325407,1147121401975,76568,1147123102236,1147123102236,1147123102917,1147123203031,1147123099468,1567,1147118973249,103563,2768,681,100114,1553,1567,1567,1567,34,0,1,1,34
48,1147125492073,1147125569420,77347,1147127269690,1147127269690,1147127270658,1147127370828,1147127224434,1600,1147123239673,146394,45256,968,100170,1586,1600,1600,1600,33,0,1,1,34
49,1147129658739,1147129970405,311666,1147131670845,1147131670845,1147131672798,1147132059298,1147131600101,1635,1147127349476,459197,70744,1953,386500,1621,1635,1635,1635,35,0,1,1,38
50,1147133825405,1147133903172,77767,1147135630825,1147135630825,1147135632677,1147135732876,1147135597802,1667,1147131725074,135074,33023,1852,100199,1653,1667,1667,1667,32,0,1,1,33
51,1147137992071,1147138072499,80428,1147139772815,1147139772815,1147139774312,1147139874434,1147139347731,1697,1147135721938,526703,425084,1497,100122,1686,1697,1697,1697,30,0,1,1,34
52,1147142158737,1147142239924,81187,1147143940218,1147143940218,1147143941779,1147144041950,1147143866379,1733,1147139873189,175571,73839,1561,100171,1720,1733,1733,1733,36,0,1,1,37
53,1147146325403,1147146400244,74841,1147148100582,1147148100582,1147148101771,1147148201911,1147147967595,1766,1147143976311,234316,132987,1189,100140,1753,1766,1766,1766,33,0,1,1,34
54,1147150492069,1147150568302,76233,1147152268484,1147152268484,1147152269633,1147152369832,1147152222467,1800,1147148105257,147365,46017,1149,100199,1786,1800,1800,1800,34,0,1,1,35
55,1147154658735,1147154732713,73978,1147156432900,1147156432900,1147156433832,1147156533949,1147156351045,1833,1147152356660,182904,81855,932,100117,1820,1833,1833,1833,33,0,1,1,34
56,1147158825401,1147158902438,77037,1147160602715,1147160602715,1147160604206,1147160704320,1147160599925,1867,1147156475612,104395,2790,1491,100114,1853,1867,1867,1867,34,0,1,1,34
57,1147162992067,1147163066637,74570,1147165176713,1147165176713,1147165179494,1147165280177,1147163245001,1888,1147160873947,2035176,1931712,2781,100683,1886,1888,1888,1888,21,0,1,1,21
58,1147167158733,1147167236610,77877,1147168936880,1147168936880,1147168937271,1147169037465,0,0,0,0,0,391,100194,1888,1888,1888,1888,0,0,1,0,21
59,1147171325399,1147171411754,86355,1147173112095,1147173112095,1147173114236,1147173214454,1147173100777,1967,1147172406963,113677,11318,2141,100218,1888,1967,1967,1967,79,0,1,1,79
60,1147175492065,1147175626533,134468,1147177326910,1147177326910,1147177328700,1147177428798,1147177244534,2000,1147173225223,184264,82376,1790,100098,1987,2000,2000,2000,33,0,1,1,34
61,1147179658731,1147179731355,72624,1147181431707,1147181431707,1147181432847,1147181532985,1147181348681,2033,1147177367870,184304,83026,1140,100138,2020,2033,2033,2033,33,0,1,1,34
62,1147183825397,1147183896653,71256,1147185596991,1147185596991,1147185603704,1147185703799,1147185472955,2066,1147181472872,230844,124036,6713,100095,2053,2067,2067,2066,33,0,1,1,34
63,1147187992063,1147188026607,34544,1147189726975,1147189726975,1147189728101,1147189828258,1147189723141,2100,1147185597760,105117,3834,1126,100157,2086,2100,2100,2100,34,0,1,1,34
64,1147192158729,1147192237506,78777,1147193937778,1147193937778,1147193938789,1147194038915,1147193847339,2133,1147189863943,191576,90439,1011,100126,2120,2133,2133,2133,33,0,1,1,34
65,1147196325395,1147196402193,76798,1147198102425,1147198102425,1147198103489,1147198203561,1147198099933,2167,1147193980726,103628,2492,1064,100072,2153,2167,2167,2167,34,0,1,1,34
66,1147200492061,1147200567661,75600,1147202267948,1147202267948,1147202268800,1147202368931,1147202262919,2200,1147198241731,106012,5029,852,100131,2186,2200,2200,2200,33,0,1,1,34
67,1147204658727,1147204747418,88691,1147206447642,1147206447642,1147206448570,1147206548636,1147206349532,2233,1147202348010,199104,98110,928,100066,2220,2233,2233,2233,33,0,1,1,34
68,1147208825393,1147208902145,76752,1147210602373,1147210602373,1147210603367,1147210703458,1147210599635,2267,1147206474431,103823,2738,994,100091,2253,2267,2267,2267,34,0,1,1,34
69,1147212992059,1147213070107,78048,1147214770337,1147214770337,1147214771401,1147214871531,1147214770280,2300,1147210740346,101251,57,1064,100130,2286,2300,2300,2300,33,0,1,1,34
70,1147217158725,1147217236180,77455,1147218936475,1147218936475,1147218937380,1147219037525,1147218847798,2333,1147214849977,189727,88677,905,100145,2320,2333,2333,2333,33,0,1,1,34
71,1147221325391,1147221403163,77772,1147223103409,1147223103409,1147223104053,1147223204120,1147223099768,2367,1147218972874,104352,3641,644,100067,2353,2367,2367,2367,34,0,1,1,34
72,1147225492057,1147225568595,76538,1147227272957,1147227272957,1147227274042,1147227374129,1147227225036,2400,1147223241905,149093,47921,1085,100087,2386,2400,2400,2400,33,0,1,1,34
73,1147229658723,1147229813747,155024,1147231514010,1147231514010,1147231516099,1147231616375,1147231474738,2434,1147227349926,141637,39272,2089,100276,2420,2434,2434,2434,34,0,1,1,35
74,1147233825389,1147233904274,78885,1147235604576,1147235604576,1147235606483,1147235706748,1147235599401,2467,1147231600032,107347,5175,1907,100265,2453,2467,2467,2467,33,0,1,1,33
75,1147237992055,1147238073163,81108,1147239773533,1147239773533,1147239775287,1147239875502,1147239723122,2500,1147235724976,152380,50411,1754,100215,2486,2500,2500,2500,33,0,1,1,34
76,1147242158721,1147242236443,77722,1147243936729,1147243936729,1147243937631,1147244037786,1147243855615,2533,1147239847210,182171,81114,902,100155,2520,2533,2533,2533,33,0,1,1,34
77,1147246325387,1147246402618,77231,1147248102817,1147248102817,1147248104056,1147248204132,1147247967289,2566,1147243967188,236843,135528,1239,100076,2553,2566,2566,2566,33,0,1,1,34
78,1147250492053,1147250568403,76350,1147252268640,1147252268640,1147252269875,1147252370012,1147252230082,2600,1147248106456,139930,38558,1235,100137,2586,2600,2600,2600,34,0,1,1,35
79,1147254658719,1147254750630,91911,1147256450824,1147256450824,1147256452618,1147256552888,1147256348343,2633,1147252355862,204545,102481,1794,100270,2620,2633,2633,2633,33,0,1,1,34
80,1147258825385,1147258902102,76717,1147260602339,1147260602339,1147260603112,1147260703332,1147260598263,2667,1147256473294,105069,4076,773,100220,2653,2667,2667,2667,34,0,1,1,34
81,1147262992051,1147263067608,75557,1147264767951,1147264767951,1147264769361,1147264869457,1147264723347,2700,1147260739362,146110,44604,1410,100096,2686,2700,2700,2700,33,0,1,1,34
82,1147267158717,1147267232576,73859,1147268932831,1147268932831,1147268933851,1147269034008,1147268849629,2733,1147264848476,184379,83202,1020,100157,2720,2733,2733,2733,33,0,1,1,34
83,1147271325383,1147271405414,80031,1147273105661,1147273105661,1147273106866,1147273206981,1147273098239,2767,1147268973764,108742,7422,1205,100115,2753,2767,2767,2767,34,0,1,1,34
84,1147275492049,1147275622963,130914,1147277323321,1147277323321,1147277324664,1147277424743,1147277227543,2800,1147273223217,197200,95778,1343,100079,2787,2800,2800,2800,33,0,1,1,34
85,1147279658715,1147279731951,73236,1147281432259,1147281432259,1147281433468,1147281533526,1147281349198,2833,1147277355876,184328,83061,1209,100058,2820,2833,2833,2833,33,0,1,1,34
86,1147283825381,1147283897534,72153,1147285597771,1147285597771,1147285598664,1147285698800,1147285475171,2866,1147281472835,223629,122600,893,100136,2853,2866,2866,2866,33,0,1,1,34
87,1147287992047,1147288024225,32178,1147289724422,1147289724422,1147289725275,1147289825390,1147289598395,2899,1147285600018,226995,126027,853,100115,2886,2899,2899,2899,33,0,1,1,34
88,1147292158713,1147292233787,75074,1147294018315,1147294018315,1147294019287,1147294119432,1147293975240,2934,1147289780151,144192,43075,972,100145,2920,2934,2934,2934,35,0,1,1,36
89,1147296325379,1147296403092,77713,1147298103367,1147298103367,1147298104427,1147298204564,1147298099906,2967,1147294100095,104658,3461,1060,100137,2953,2967,2967,2967,33,0,1,1,33
90,1147300492045,1147300579371,87326,1147302279638,1147302279638,1147302280455,1147302380606,1147302223198,3000,1147298242412,157408,56440,817,100151,2986,3000,3000,3000,33,0,1,1,34
91,1147304658711,1147304734385,75674,1147306434577,1147306434577,1147306435437,1147306535546,1147306348050,3033,1147302348221,187496,86527,860,100109,3020,3033,3033,3033,33,0,1,1,34
92,1147308825377,1147308899573,74196,1147310599769,1147310599769,1147310600765,1147310700888,1147310475018,3066,1147306473232,225870,124751,996,100123,3053,3067,3067,3066,33,0,1,1,34
93,1147312992043,1147313069596,77553,1147314769927,1147314769927,1147314770872,1147314870957,1147314597966,3099,1147310600187,272991,171961,945,100085,3086,3099,3099,3099,33,0,1,1,35
94,1147317158709,1147317234315,75606,1147318934456,1147318934456,1147318935226,1147319035284,1147318915155,3133,1147314817879,120129,19301,770,100058,3119,3133,3133,3133,34,0,1,1,35
95,1147321325375,1147321406845,81470,1147323107050,1147323107050,1147323107908,1147323208058,1147323099529,3167,1147318973675,108529,7521,858,100150,3153,3167,3167,3167,34,0,1,1,34
96,1147325492041,1147325571689,79648,1147327271837,1147327271837,1147327272794,1147327372871,1147327225144,3200,1147323225795,147727,46693,957,100077,3186,3200,3200,3200,33,0,1,1,34
97,1147329658707,1147329919790,261083,1147331620197,1147331620197,1147331621989,1147331722101,1147331599497,3235,1147327349956,122604,20700,1792,100112,3221,3235,3235,3235,35,0,1,1,35
98,1147333825373,1147333899404,74031,1147335599654,1147335599654,1147335601187,1147335701299,1147335474945,3266,1147331724375,226354,124709,1533,100112,3253,3267,3267,3266,31,0,1,1,32
99,1147337992039,1147338072584,80545,1147339772847,1147339772847,1147339774394,1147339874530,1147339725000,3300,1147335599898,149530,47847,1547,100136,3286,3300,3300,3300,34,0,1,1,35
100,1147342158705,1147342236354,77649,1147343936543,1147343936543,1147343937569,1147344110255,1147343870567,3333,1147339849914,239688,65976,1026,172686,3320,3333,3333,3333,33,0,1,1,34
101,1147346325371,1147346397741,72370,1147348098058,1147348098058,1147348099183,1147348199316,1147347967314,3366,1147344060091,232002,130744,1125,100133,3353,3366,3366,3366,33,0,1,1,34
102,1147350492037,1147350564998,72961,1147352265229,1147352265229,1147352266100,1147352366246,1147352223206,3400,1147348105004,143040,42023,871,100146,3386,3400,3400,3400,34,0,1,1,35
103,1147354658703,1147354733359,74656,1147356433587,1147356433587,1147356434231,1147356534339,1147356222423,3432,1147352348169,311916,211164,644,100108,3420,3432,3432,3432,32,0,1,1,32
104,1147358825369,1147358897940,72571,1147360598174,1147360598174,1147360599163,1147360699281,1147360597307,3467,1147357851231,101974,867,989,100118,3453,3467,3467,3467,35,0,1,1,35
105,1147362992035,1147363064945,72910,1147364765122,1147364765122,1147364766150,1147364866333,1147364722169,3500,1147360767064,144164,42953,1028,100183,3486,3500,3500,3500,33,0,1,1,33
106,1147367158701,1147367233999,75298,1147368934280,1147368934280,1147368935126,1147369035191,1147368848097,3533,1147364939320,187094,86183,846,100065,3520,3533,3533,3533,33,0,1,1,34
107,1147371325367,1147371401632,76265,1147373101950,1147373101950,1147373103179,1147373203251,1147373098566,3567,1147368973138,104685,3384,1229,100072,3553,3567,3567,3567,34,0,1,1,34
108,1147375492033,1147375612093,120060,1147377320212,1147377320212,1147377321549,1147377421731,1147377264749,3600,1147373240721,156982,55463,1337,100182,3587,3600,3600,3600,33,0,1,1,34
109,1147379658699,1147379730929,72230,1147381431284,1147381431284,1147381432341,1147381532435,1147381349552,3633,1147377350079,182883,81732,1057,100094,3620,3633,3633,3633,33,0,1,1,34
110,1147383825365,1147383897325,71960,1147385597570,1147385597570,1147385598472,1147385698602,1147385485725,3666,1147381473215,212877,111845,902,100130,3653,3666,3666,3666,33,0,1,1,34
111,1147387992031,1147388026087,34056,1147389726371,1147389726371,1147389727375,1147389827445,1147389723324,3700,1147385598467,104121,3047,1004,100070,3685,3700,3700,3700,34,0,1,1,34
112,1147392158697,1147392249763,91066,1147393950053,1147393950053,1147393951110,1147394051282,1147393847251,3733,1147389863674,204031,102802,1057,100172,3720,3733,3733,3733,33,0,1,1,34
113,1147396325363,1147396402820,77457,1147398103015,1147398103015,1147398104130,1147398204347,1147398100001,3767,1147393984604,104346,3014,1115,100217,3753,3767,3767,3767,34,0,1,1,34
114,1147400492029,1147400568480,76451,1147402268659,1147402268659,1147402269362,1147402369479,1147402226050,3800,1147398242235,143429,42609,703,100117,3786,3800,3800,3800,33,0,1,1,34
115,1147404658695,1147404736225,77530,1147406603121,1147406603121,1147406609466,1147406709627,1147406600700,3835,1147402351011,108927,2421,6345,100161,3820,3835,3835,3835,35,0,1,1,35
116,1147408825361,1147408902612,77251,1147410602955,1147410602955,1147410603879,1147410704071,1147410598231,3867,1147406726077,105840,4724,924,100192,3853,3867,3867,3867,32,0,1,1,32
117,1147412992027,1147413169484,177457,1147414869697,1147414869697,1147414870771,1147414970920,1147414849906,3901,1147410741093,121014,19791,1074,100149,3885,3901,3901,3901,34,0,1,1,34
118,1147417158693,1147417235901,77208,1147418936180,1147418936180,1147418936996,1147419037141,1147418848166,3933,1147414974896,188975,88014,816,100145,3920,3933,3933,3933,32,0,1,1,33
119,1147421325359,1147421405990,80631,1147423106163,1147423106163,1147423107065,1147423207231,1147423100011,3967,1147418973172,107220,6152,902,100166,3953,3967,3967,3967,34,0,1,1,34
120,1147425492025,1147425569104,77079,1147427269371,1147427269371,1147427270307,1147427370456,1147427223263,4000,1147423245706,147193,46108,936,100149,3986,4000,4000,4000,33,0,1,1,34
121,1147429658691,1147429740270,81579,1147431440528,1147431440528,1147431442526,1147431542670,1147431350043,4033,1147427348361,192627,90485,1998,100144,4019,4033,4033,4033,33,0,1,1,34
122,1147433825357,1147433900223,74866,1147435600669,1147435600669,1147435602724,1147435702930,1147435599982,4067,1147431475026,102948,687,2055,100206,4053,4067,4067,4067,34,0,1,1,34
123,1147437992023,1147438072500,80477,1147439772826,1147439772826,1147439774433,1147439874561,1147439730048,4100,1147435745623,144513,42778,1607,100128,4086,4100,4100,4100,33,0,1,1,34
124,1147442158689,1147442259815,101126,1147443960079,1147443960079,1147443961801,1147444062004,1147443867346,4133,1147439869596,194658,92733,1722,100203,4120,4133,4133,4133,33,0,1,1,34
125,1147446325355,1147447545240,1219885,1147449245655,1147449245655,1147449248129,1147449348399,1147449222400,4176,1147444057511,125999,23255,2474,100270,4162,4176,4176,4176,43,0,1,1,43
126,1147450492021,1147450572999,80978,1147452273302,1147452273302,1147452275409,1147452375646,1147452222721,4200,1147449348531,152925,50581,2107,100237,4186,4200,4200,4200,24,0,1,1,25
127,1147454658687,1147454730726,72039,1147456431058,1147456431058,1147456432654,1147456532840,1147456353649,4233,1147452355156,179191,77409,1596,100186,4220,4233,4233,4233,33,0,1,1,34
128,1147458825353,1147458897154,71801,1147460597339,1147460597339,1147460598649,1147460698843,1147460493335,4266,1147456478473,205508,104004,1310,100194,4253,4266,4266,4266,33,0,1,1,34
129,1147462992019,1147463075077,83058,1147464775383,1147464775383,1147464777444,1147464877678,1147463967292,4294,1147460597967,910386,808091,2061,100234,4286,4294,4294,4294,28,0,1,1,28
130,1147467158685,1147467239912,81227,1147468940222,1147468940222,1147468944646,1147469044852,1147468726969,4332,1147465471291,317883,213253,4424,100206,4320,4332,4332,4332,38,0,1,1,40
131,1147471325351,1147471412925,87574,1147473113229,1147473113229,1147473115565,1147473330204,1147473097205,4367,1147468949040,232999,16024,2336,214639,4350,4367,4367,4367,35,0,1,1,36
132,1147475492017,1147475620541,128524,1147477320935,1147477320935,1147477322311,1147477422429,1147477117545,4399,1147473263889,304884,203390,1376,100118,4387,4399,4399,4399,32,0,1,1,32
133,1147479658683,1147479801346,142663,1147481501673,1147481501673,1147481503523,1147481603710,1147481473410,4434,1147478253565,130300,28263,1850,100187,4420,4434,4434,4434,35,0,1,1,36
134,1147483825349,1147483910879,85530,1147485611173,1147485611173,1147485612249,1147485712421,1147485599675,4467,1147481598451,112746,11498,1076,100172,4453,4467,4467,4467,33,0,1,1,33
135,1147487992015,1147488024171,32156,1147489724543,1147489724543,1147489725529,1147489825684,1147489724474,4500,1147485725543,101210,69,986,100155,4486,4500,4500,4500,33,0,1,1,33
136,1147492158681,1147492233661,74980,1147493933877,1147493933877,1147493934901,1147494045084,1147493849899,4533,1147489868606,195185,83978,1024,110183,4520,4533,4533,4533,33,0,1,1,34
137,1147496325347,1147496401841,76494,1147498102139,1147498102139,1147498103261,1147498203359,1147498098138,4567,1147493974833,105221,4001,1122,100098,4553,4567,4567,4567,34,0,1,1,34
138,1147500492013,1147500567373,75360,1147502267684,1147502267684,1147502268730,1147502368910,1147502225581,4600,1147498239817,143329,42103,1046,100180,4586,4600,4600,4600,33,0,1,1,34
139,1147504658679,1147504736090,77411,1147506436356,1147506436356,1147506437239,1147506537330,1147506348194,4633,1147502350541,189136,88162,883,100091,4620,4633,4633,4633,33,0,1,1,34
140,1147508825345,1147508900012,74667,1147510600258,1147510600258,1147510601154,1147510701288,1147510598136,4667,1147506473190,103152,2122,896,100134,4653,4667,4667,4667,34,0,1,1,34
141,1147512992011,1147513070198,78187,1147514770387,1147514770387,1147514771327,1147514871507,1147514766958,4700,1147510745777,104549,3429,940,100180,4686,4700,4700,4700,33,0,1,1,34
142,1147517158677,1147517266733,108056,1147518967031,1147518967031,1147518967934,1147519068003,1147518853050,4733,1147514847669,214953,113981,903,100069,4719,4733,4733,4733,33,0,1,1,34
143,1147521325343,1147521405734,80391,1147523105908,1147523105908,1147523106677,1147523206753,1147523100281,4767,1147518973169,106472,5627,769,100076,4753,4767,4767,4767,34,0,1,1,34
144,1147525492009,1147525571182,79173,1147527271383,1147527271383,1147527272511,1147527372600,1147527224645,4800,1147523244578,147955,46738,1128,100089,4786,4800,4800,4800,33,0,1,1,34
145,1147529658675,1147529740268,81593,1147531440740,1147531440740,1147531442988,1147531543207,1147531350218,4833,1147527349776,192989,90522,2248,100219,4820,4833,4833,4833,33,0,1,1,34
146,1147533825341,1147533899509,74168,1147535599821,1147535599821,1147535601860,1147535702170,1147535599472,4867,1147531474942,102698,349,2039,100310,4853,4867,4867,4867,34,0,1,1,34
147,1147537992007,1147538080502,88495,1147539780775,1147539780775,1147539781822,1147539881913,1147539724945,4900,1147535743817,156968,55830,1047,100091,4886,4900,4900,4900,33,0,1,1,34
148,1147542158673,1147542246257,87584,1147543946540,1147543946540,1147543947334,1147544087963,1147543865198,4933,1147539849836,222765,81342,794,140629,4920,4933,4933,4933,33,0,1,1,33
149,1147546325339,1147546400470,75131,1147548100720,1147548100720,1147548101989,1147548202161,1147548034024,4966,1147544101306,168137,66696,1269,100172,4953,4966,4966,4966,33,0,1,1,34
150,1147550492005,1147550564888,72883,1147552265155,1147552265155,1147552266255,1147552366449,1147552165622,4999,1147548102707,200827,99533,1100,100194,4986,4999,4999,4999,33,0,1,1,35
151,1147554658671,1147554732812,74141,1147556433048,1147556433048,1147556434120,1147556534213,1147556370510,5033,1147552341379,163703,62538,1072,100093,5020,5033,5033,5033,34,0,1,1,35
152,1147558825337,1147558910021,84684,1147560610258,1147560610258,1147560611484,1147560711680,1147560598418,5067,1147556473358,113262,11840,1226,100196,5053,5067,5067,5067,34,0,1,1,34
153,1147562992003,1147563063575,71572,1147564768568,1147564768568,1147564769762,1147564869968,1147564723548,5100,1147560724036,146420,45020,1194,100206,5086,5100,5100,5100,33,0,1,1,34
154,1147567158669,1147567240354,81685,1147568940647,1147568940647,1147568942014,1147569042223,1147568848357,5133,1147564848549,193866,92290,1367,100209,5120,5133,5133,5133,33,0,1,1,34
155,1147571325335,1147571399183,73848,1147573099476,1147573099476,1147573100731,1147573200849,1147573098195,5167,1147568973398,102654,1281,1255,100118,5153,5167,5167,5167,34,0,1,1,34
156,1147575492001,1147575633283,141282,1147577333546,1147577333546,1147577334951,1147577435094,1147577274767,5200,1147573238681,160327,58779,1405,100143,5187,5200,5200,5200,33,0,1,1,34
157,1147579658667,1147579746251,87584,1147581446459,1147581446459,1147581447612,1147581547696,1147581349518,5233,1147577395658,198178,96941,1153,100084,5220,5233,5233,5233,33,0,1,1,34
158,1147583825333,1147583911891,86558,1147585612174,1147585612174,1147585614498,1147585714685,1147585599795,5267,1147581473410,114890,12379,2324,100187,5253,5267,5267,5267,34,0,1,1,34
159,1147587991999,1147588026373,34374,1147589726665,1147589726665,1147589727637,1147589827733,1147589723238,5300,1147586344019,104495,3427,972,100096,5286,5300,5300,5300,33,0,1,1,33
160,1147592158665,1147592234130,75465,1147593934358,1147593934358,1147593935284,1147594035418,1147593848408,5333,1147589864520,187010,85950,926,100134,5320,5333,5333,5333,33,0,1,1,34
161,1147596325331,1147596401375,76044,1147598101746,1147598101746,1147598102754,1147598202902,1147598097949,5367,1147593973344,104953,3797,1008,100148,5353,5367,5367,5367,34,0,1,1,34
162,1147600491997,1147600566508,74511,1147602266690,1147602266690,1147602267483,1147602367629,1147602224580,5400,1147598237843,143049,42110,793,100146,5386,5400,5400,5400,33,0,1,1,34
163,1147604658663,1147604734313,75650,1147606434564,1147606434564,1147606435442,1147606535647,1147606349752,5433,1147602349372,185895,84812,878,100205,5420,5433,5433,5433,33,0,1,1,34
164,1147608825329,1147608899643,74314,1147610599846,1147610599846,1147610600569,1147610700712,1147610475058,5466,1147606474697,225654,124788,723,100143,5453,5467,5467,5466,33,0,1,1,34
165,1147612991995,1147613068012,76017,1147614768331,1147614768331,1147614769352,1147614869418,1147614598054,5499,1147610600023,271364,170277,1021,100066,5486,5499,5499,5499,33,0,1,1,35
166,1147617158661,1147617237867,79206,1147618938127,1147618938127,1147618939163,1147619039354,1147618849782,5533,1147614796856,189572,88345,1036,100191,5520,5533,5533,5533,34,0,1,1,35
167,1147621325327,1147621424974,99647,1147623125147,1147623125147,1147623126045,1147623226213,1147623100019,5567,1147618973750,126194,25128,898,100168,5553,5567,5567,5567,34,0,1,1,35
168,1147625491993,1147625572130,80137,1147627297130,1147627297130,1147627298415,1147627398484,1147627225060,5600,1147623224942,173424,72070,1285,100069,5586,5600,5600,5600,33,0,1,1,34
169,1147629658659,1147630646271,987612,1147632346726,1147632346726,1147632349527,1147632449719,1147632222871,5640,1147627350143,226848,123855,2801,100192,5627,5641,5641,5640,40,0,1,1,41
170,1147633825325,1147633897371,72046,1147635597717,1147635597717,1147635599966,1147635700237,1147635473198,5666,1147632347732,227039,124519,2249,100271,5653,5667,5667,5666,26,0,1,1,27
171,1147637991991,1147638071323,79332,1147639771583,1147639771583,1147639773559,1147639873854,1147639722347,5700,1147635598414,151507,49236,1976,100295,5686,5700,5700,5700,34,0,1,1,35
172,1147642158657,1147642237864,79207,1147643938092,1147643938092,1147643939240,1147644039399,1147643861350,5733,1147639855841,178049,76742,1148,100159,5720,5733,5733,5733,33,0,1,1,34
173,1147646325323,1147646551128,225805,1147648251499,1147648251499,1147648253791,1147648354086,1147647475003,5762,1147643967466,879083,776496,2292,100295,5737,5762,5762,5762,29,0,1,1,29
174,1147650491989,1147650578161,86172,1147652278461,1147652278461,1147652281066,1147652381242,1147652222444,5800,1147649351066,158798,56017,2605,100176,5786,5800,5800,5800,38,0,1,1,39
175,1147654658655,1147654734774,76119,1147656435001,1147656435001,1147656436632,1147656536748,1147656348796,5833,1147652355633,187952,86205,1631,100116,5820,5833,5833,5833,33,0,1,1,34
176,1147658825321,1147658900248,74927,1147660600568,1147660600568,1147660602376,1147660702597,1147660479420,5866,1147656473435,223177,121148,1808,100221,5853,5866,5866,5866,33,0,1,1,34
177,1147662991987,1147663071828,79841,1147664772136,1147664772136,1147664780389,1147664880777,1147664723325,5900,1147660603589,157452,48811,8253,100388,5886,5900,5900,5900,34,0,1,1,35
178,1147667158653,1147667241481,82828,1147668941802,1147668941802,1147668943528,1147669043646,1147668848676,5933,1147664847393,194970,93126,1726,100118,5920,5933,5933,5933,33,0,1,1,34
179,1147671325319,1147671412873,87554,1147673113085,1147673113085,1147673114634,1147673214823,1147672973792,5966,1147668973259,241031,139293,1549,100189,5953,5966,5966,5966,33,0,1,1,33
180,1147675491985,1147675593740,101755,1147677294003,1147677294003,1147677295701,1147677395936,1147677222262,6000,1147673536775,173674,71741,1698,100235,5985,6000,6000,6000,34,0,1,1,35
181,1147679658651,1147679799169,140518,1147681499590,1147681499590,1147681501052,1147681601266,1147681474157,6034,1147677348785,127109,25433,1462,100214,6020,6034,6034,6034,34,0,1,1,35
182,1147683825317,1147683899750,74433,1147685600032,1147685600032,1147685601075,1147685701151,1147685600034,6067,1147681598644,101117,0,1043,100076,6053,6067,6067,6067,33,0,1,1,33
183,1147687991983,1147688029111,37128,1147689729505,1147689729505,1147689730707,1147689830815,1147689723184,6100,1147685747986,107631,6321,1202,100108,6086,6100,6100,6100,33,0,1,1,33
184,1147692158649,1147692237095,78446,1147693937276,1147693937276,1147693938329,1147694038528,1147693848207,6133,1147689876505,190321,89069,1053,100199,6120,6133,6133,6133,33,0,1,1,34
185,1147696325315,1147696402345,77030,1147698128452,1147698128452,1147698129712,1147698229862,1147698098385,6167,1147693973256,131477,30067,1260,100150,6153,6167,6167,6167,34,0,1,1,35
186,1147700491981,1147700573563,81582,1147702279660,1147702279660,1147702280718,1147702380793,1147702223256,6200,1147698223289,157537,56404,1058,100075,6186,6200,6200,6200,33,0,1,1,33
187,1147704658647,1147704795339,136692,1147706495708,1147706495708,1147706496733,1147706596890,1147706473201,6234,1147702416874,123689,22507,1025,100157,6220,6234,6234,6234,34,0,1,1,34
188,1147708825313,1147708906363,81050,1147710606658,1147710606658,1147710608969,1147710709222,1147710599613,6267,1147706598334,109609,7045,2311,100253,6253,6267,6267,6267,33,0,1,1,33
189,1147712991979,1147713124279,132300,1147714824610,1147714824610,1147714826135,1147714926282,1147714754955,6300,1147710725240,171327,69655,1525,100147,6287,6300,6300,6300,33,0,1,1,34
190,1147717158645,1147717241444,82799,1147718941677,1147718941677,1147718942559,1147719042739,1147718847743,6333,1147714848340,194996,93934,882,100180,6319,6333,6333,6333,33,0,1,1,33
191,1147721325311,1147721401833,76522,1147723102053,1147723102053,1147723103018,1147723203202,1147723099896,6367,1147719097456,103306,2157,965,100184,6353,6367,6367,6367,34,0,1,1,34
192,1147725491977,1147725572951,80974,1147727273207,1147727273207,1147727274329,1147727374423,1147727222333,6400,1147723240790,152090,50874,1122,100094,6386,6400,6400,6400,33,0,1,1,33
193,1147729658643,1147729730153,71510,1147731524949,1147731524949,1147731526783,1147731627043,1147731474884,6434,1147727479422,152159,50065,1834,100260,6420,6434,6434,6434,34,0,1,1,35
194,1147733825309,1147733896441,71132,1147735596669,1147735596669,1147735598022,1147735698250,1147735475015,6466,1147731599795,223235,121654,1353,100228,6453,6466,6466,6466,32,0,1,1,33
195,1147737991975,1147738074222,82247,1147739774397,1147739774397,1147739775849,1147739876068,1147739724966,6500,1147735599970,151102,49431,1452,100219,6486,6500,6500,6500,34,0,1,1,35
196,1147742158641,1147742236654,78013,1147743936830,1147743936830,1147743937654,1147744037716,1147743863234,6533,1147739849967,174482,73596,824,100062,6520,6533,6533,6533,33,0,1,1,34
197,1147746325307,1147746399240,73933,1147748099432,1147748099432,1147748100353,1147748200561,1147747967254,6566,1147743967397,233307,132178,921,100208,6553,6566,6566,6566,33,0,1,1,34
198,1147750491973,1147750564083,72110,1147752264408,1147752264408,1147752265425,1147752365549,1147752222475,6600,1147748105317,143074,41933,1017,100124,6586,6600,6600,6600,34,0,1,1,35
199,1147754658639,1147754729807,71168,1147756430173,1147756430173,1147756431171,1147756531370,1147756348353,6633,1147752355719,183017,81820,998,100199,6620,6633,6633,6633,33,0,1,1,34
200,1147758825305,1147759626119,800814,1147761326580,1147761326580,1147761328646,1147761428863,1147760348332,6665,1147756473166,1080531,978248,2066,100217,6659,6665,6665,6665,32,0,1,1,40
201,1147762991971,1147763084461,92490,1147764784858,1147764784858,1147764787821,1147764888061,1147764727288,6700,1147761391021,160773,57570,2963,100240,6685,6700,6700,6700,35,0,1,1,35
202,1147767158637,1147767812799,654162,1147769513261,1147769513261,1147769515913,1147769616086,1147769473731,6738,1147765755228,142355,39530,2652,100173,6724,6738,6738,6738,38,0,1,1,39
203,1147771325303,1147771403023,77720,1147773103334,1147773103334,1147773104834,1147773205063,1147773098132,6767,1147769598388,106931,5202,1500,100229,6753,6767,6767,6767,29,0,1,1,29
204,1147775491969,1147775591669,99700,1147777291930,1147777291930,1147777294173,1147777394418,1147777226260,6800,1147773243956,168158,65670,2243,100245,6786,6800,6800,6800,33,0,1,1,34
205,1147779658635,1147779733800,75165,1147781434156,1147781434156,1147781436167,1147781536321,1147781352792,6833,1147777352399,183529,81364,2011,100154,6820,6833,6833,6833,33,0,1,1,34
206,1147783825301,1147783897826,72525,1147785598203,1147785598203,1147785599705,1147785699806,1147785475491,6866,1147781473584,224315,122712,1502,100101,6853,6866,6866,6866,33,0,1,1,34
207,1147787991967,1147788025511,33544,1147789725679,1147789725679,1147789726807,1147789826908,1147789724583,6900,1147785600291,102325,1096,1128,100101,6885,6900,6900,6900,34,0,1,1,34
208,1147792158633,1147792273764,115131,1147812022581,1147812022581,1147812034503,1147813314340,1147811349997,7073,1147789864083,1964343,672584,11922,1279837,6920,7073,7073,7073,173,0,1,1,173
209,1147796325299,1147813332485,17007186,1147815582733,1147815582733,1147815585505,1147815685660,1147815480588,7106,1147814243145,205072,102145,2772,100155,7073,7106,7106,7106,33,0,1,1,34
210,1147800491965,1147815706546,15214581,1147817406727,1147817406727,1147817409114,1147817509275,1147815982561,7110,1147815604223,1526714,1424166,2387,100161,7107,7110,7110,7110,4,0,1,1,4
211,1147804658631,1147817524136,12865505,1147821908561,1147821908561,1147821911460,1147822011688,1147821850917,7156,1147817741235,160771,57644,2899,100228,7110,7156,7156,7156,46,0,1,1,46
212,1147808825297,1147822019224,13193927,1147825168657,1147825168657,1147825171727,1147825271908,1147825138969,7183,1147822148585,132939,29688,3070,100181,7156,7183,7183,7183,27,0,1,1,28
213,1147812991963,1147825287828,12295865,1147827326874,1147827326874,1147827328739,1147827428996,1147827225151,7200,1147825224594,203845,101723,1865,100257,7184,7200,7200,7200,17,0,1,1,18
214,1147817158629,1147827442467,10283838,1147830185688,1147830185688,1147830187532,1147830287627,1147830172727,7223,1147827350095,114900,12961,1844,100095,7201,7223,7223,7223,23,0,1,1,24
215,1147821325295,1147830301436,8976141,1147832220302,1147832220302,1147832222668,1147832583195,1147832196520,7239,1147830223641,386675,23782,2366,360527,7224,7239,7239,7239,16,0,1,1,19
216,1147825491961,1147832591262,7099301,1147834291558,1147834291558,1147834292881,1147834393026,1147834223410,7256,1147832224336,169616,68148,1323,100145,7242,7256,7256,7256,17,0,1,1,18
217,1147829658627,1147834405920,4747293,1147837264411,1147837264411,1147837266230,1147837366408,1147837221900,7280,1147834347295,144508,42511,1819,100178,7257,7280,7280,7280,24,0,1,1,25
218,1147833825293,1147837381004,3555711,1147839640175,1147839640175,1147839641821,1147839741944,1147839599566,7299,1147837350039,142378,40609,1646,100123,7281,7299,7299,7299,19,0,1,1,20
219,1147837991959,1147839754417,1762458,1147841454706,1147841454706,1147841455876,1147841556041,1147841349118,7313,1147839724606,206923,105588,1170,100165,7300,7313,7313,7313,14,0,1,1,15
220,1147842158625,1147842521666,363041,1147846168918,1147846168918,1147846170788,1147846270998,1147846165044,7351,1147841543810,105954,3874,1870,100210,7322,7351,7351,7351,38,0,1,1,39
221,1147846325291,1147846640288,314997,1147854157071,1147854157071,1147854159194,1147854259320,1147853973364,7414,1147846232328,285956,183707,2123,100126,7355,7414,7414,7414,63,0,1,1,65
222,1147850491957,1147854274352,3782395,1147855974688,1147855974688,1147855975479,1147856075617,1147855967635,7430,1147854160065,107982,7053,791,100138,7416,7430,7430,7430,16,0,1,1,16
223,1147854658623,1147856098530,1439907,1147857798640,1147857798640,1147857799292,1147862466320,1147857723211,7444,1147856197505,4743109,75429,652,4667028,7430,7444,7444,7444,14,0,1,1,51
224,1147858825289,1147862480191,3654902,1147864180430,1147864180430,1147864182785,1147864282981,1147864173096,7495,1147857847380,109885,7334,2355,100196,7481,7495,7495,7495,51,0,1,1,52
225,1147862991955,1147864293911,1301956,1147866449422,1147866449422,1147866450525,1147866550626,1147866347442,7513,1147864223775,203184,101980,1103,100101,7496,7513,7513,7513,18,0,1,1,19
226,1147867158621,1147870462793,3304172,1147872365396,1147872365396,1147872367480,1147872467580,1147872353456,7561,1147866506048,114124,11940,2084,100100,7545,7561,7561,7561,48,0,1,1,48
227,1147871325287,1147872472524,1147237,1147874172714,1147874172714,1147874173326,1147874273477,1147874098302,7575,1147872472875,175175,74412,612,100151,7561,7575,7575,7575,14,0,1,1,15
228,1147875491953,1147879920080,4428127,1147881620333,1147881620333,1147881622734,1147881755866,1147881472260,7634,1147874223137,283606,148073,2401,133132,7621,7634,7634,7634,59,0,1,1,61
229,1147879658619,1147881770052,2111433,1147883470202,1147883470202,1147883471049,1147883571144,1147883346814,7649,1147881621670,224330,123388,847,100095,7636,7649,7649,7649,15,0,1,1,15
230,1147883825285,1147896052355,12227070,1147897752601,1147897752601,1147897760922,1147897861141,1147897723079,7764,1147883722222,138062,29522,8321,100219,7750,7764,7764,7764,115,0,1,1,116
231,1147887991951,1147897873361,9881410,1147899573568,1147899573568,1147899574378,1147899674550,1147899474423,7778,1147897846963,200127,99145,810,100172,7765,7778,7778,7778,14,0,1,1,15
232,1147892158617,1147899684193,7525576,1147901384339,1147901384339,1147901385021,1147901485121,1147901104404,7791,1147899599493,380717,279935,682,100100,7779,7791,7791,7791,13,0,1,1,13
233,1147896325283,1147901493489,5168206,1147907710880,1147907710880,1147907712818,1147907813009,1147907600319,7843,1147901599487,212690,110561,1938,100191,7791,7843,7843,7843,52,0,1,1,53
234,1147900491949,1147907825631,7333682,1147911572705,1147911572705,1147911574096,1147911674217,1147911507474,7874,1147907725526,166743,65231,1391,100121,7844,7874,7874,7874,31,0,1,1,32
235,1147904658615,1147911686382,7027767,1147916775640,1147916775640,1147916777349,1147916877528,1147916723275,7916,1147911603167,154253,52365,1709,100179,7875,7916,7916,7916,42,0,1,1,43
236,1147908825281,1147916889258,8063977,1147918589433,1147918589433,1147918596402,1147918696546,1147918564661,7930,1147916848629,131885,24772,6969,100144,7917,7930,7930,7930,14,0,1,1,15
237,1147912991947,1147918706601,5714654,1147920406722,1147920406722,1147920407135,1147920507253,1147920353737,7945,1147918598562,153516,52985,413,100118,7931,7945,7945,7945,15,0,1,1,16
238,1147917158613,1147920516492,3357879,1147922216581,1147922216581,1147922217007,1147922317166,1147922100173,7959,1147920473502,216993,116408,426,100159,7946,7959,7959,7959,14,0,1,1,15
239,1147921325279,1147922327220,1001941,1147924027324,1147924027324,1147924027791,1147924127958,1147923967489,7974,1147922224988,160469,59835,467,100167,7960,7974,7974,7974,15,0,1,1,16
240,1147925491945,1147927679042,2187097,1147929379342,1147929379342,1147929381325,1147929481444,1147929352408,8017,1147924105316,129036,26934,1983,100119,8003,8017,8017,8017,43,0,1,1,44
241,1147929658611,1147929730550,71939,1147931430774,1147931430774,1147931431988,1147931532088,1147931349796,8033,1147929475064,182292,80978,1214,100100,8020,8033,8033,8033,16,0,1,1,17
242,1147933825277,1147933908584,83307,1147935743854,1147935743854,1147935746302,1147935886296,1147935721881,8068,1147931474529,164415,21973,2448,139994,8053,8068,8068,8068,35,0,1,1,35
243,1147937991943,1147938074999,83056,1147939775272,1147939775272,1147939776545,1147939894502,1147939732329,8100,1147935899518,162173,42943,1273,117957,8086,8100,8100,8100,32,0,1,1,33
244,1147942158609,1147942244543,85934,1147943944715,1147943944715,1147943946029,1147944046090,1147943910461,8133,1147939857475,135629,34254,1314,100061,8120,8133,8133,8133,33,0,1,1,34
245,1147946325275,1147946460810,135535,1147948161034,1147948161034,1147948162285,1147948262454,1147948105340,8167,1147944042115,157114,55694,1251,100169,8153,8167,8167,8167,34,0,1,1,35
246,1147950491941,1147950566974,75033,1147952267335,1147952267335,1147952268603,1147952368767,1147952222429,8200,1147948245310,146338,44906,1268,100164,8186,8200,8200,8200,33,0,1,1,34
247,1147954658607,1147954730310,71703,1147956430549,1147956430549,1147956431292,1147956531407,1147956348211,8233,1147952356163,183196,82338,743,100115,8220,8233,8233,8233,33,0,1,1,34
248,1147958825273,1147958896862,71589,1147960850075,1147960850075,1147960851939,1147960952141,1147960722828,8268,1147956473294,229313,127247,1864,100202,8253,8268,8268,8268,35,0,1,1,36
249,1147962991939,1147963068959,77020,1147964769268,1147964769268,1147964770597,1147964870739,1147964722856,8300,1147960887469,147883,46412,1329,100142,8286,8300,8300,8300,32,0,1,1,33
250,1147967158605,1147967232500,73895,1147968932658,1147968932658,1147968933829,1147969033903,1147968848105,8333,1147964847890,185798,84553,1171,100074,8320,8333,8333,8333,33,0,1,1,34
251,1147971325271,1147971395936,70665,1147973096239,1147973096239,1147973097596,1147973197694,1147972973308,8366,1147968973263,224386,122931,1357,100098,8353,8366,8366,8366,33,0,1,1,34
252,1147975491937,1147975602295,110358,1147977313044,1147977313044,1147977315743,1147977415985,1147977222565,8400,1147973098231,193420,90479,2699,100242,8387,8400,8400,8400,34,0,1,1,35
253,1147979658603,1147979732981,74378,1147981433206,1147981433206,1147981434433,1147981534538,1147981349480,8433,1147977349508,185058,83726,1227,100105,8420,8433,8433,8433,33,0,1,1,34
254,1147983825269,1147984019933,194664,1147985720282,1147985720282,1147985721634,1147985821841,1147985598297,8467,1147981472958,223544,121985,1352,100207,8454,8467,8467,8467,34,0,1,1,35
255,1147987991935,1147988024065,32130,1147989724310,1147989724310,1147989725240,1147989825416,1147989723296,8500,1147985723246,102120,1014,930,100176,8485,8500,8500,8500,33,0,1,1,33
256,1147992158601,1147992240403,81802,1147993940616,1147993940616,1147993941412,1147994041572,1147993850083,8533,1147989862349,191489,90533,796,100160,8520,8533,8533,8533,33,0,1,1,34
257,1147996325267,1147996405349,80082,1147998105638,1147998105638,1147998106605,1147998206684,1147998097723,8567,1147993975046,108961,7915,967,100079,8553,8567,8567,8567,34,0,1,1,34
258,1148000491933,1148000573028,81095,1148002273295,1148002273295,1148002274326,1148002374557,1148002225030,8600,1147998242179,149527,48265,1031,100231,8586,8600,8600,8600,33,0,1,1,34
259,1148004658599,1148004739021,80422,1148006439216,1148006439216,1148006440090,1148006540268,1148006349977,8633,1148002350209,190291,89239,874,100178,8620,8633,8633,8633,33,0,1,1,34
260,1148008825265,1148008906748,81483,1148010606953,1148010606953,1148010607864,1148010708036,1148010598316,8667,1148006474970,109720,8637,911,100172,8653,8667,8667,8667,34,0,1,1,34
261,1148012991931,1148013077214,85283,1148014777537,1148014777537,1148014778635,1148014878828,1148014775653,8700,1148010724057,103175,1884,1098,100193,8686,8700,8700,8700,33,0,1,1,34
262,1148017158597,1148017240516,81919,1148018940704,1148018940704,1148018941577,1148019041717,1148018801438,8732,1148014850107,240279,139266,873,100140,8720,8732,8732,8732,32,0,1,1,32
263,1148021325263,1148021411041,85778,1148023111312,1148023111312,1148023112193,1148023212381,1148023100048,8767,1148019095122,112333,11264,881,100188,8753,8767,8767,8767,35,0,1,1,35
264,1148025491929,1148025571985,80056,1148027272260,1148027272260,1148027273108,1148027373165,1148027225287,8800,1148023225299,147878,46973,848,100057,8786,8800,8800,8800,33,0,1,1,34
265,1148029658595,1148029743528,84933,1148031444368,1148031444368,1148031446296,1148031605179,1148031349623,8833,1148027350005,255556,94745,1928,158883,8820,8833,8833,8833,33,0,1,1,35
266,1148033825261,1148033907634,82373,1148035607900,1148035607900,1148035609566,1148035709680,1148035599586,8867,1148031474511,110094,8314,1666,100114,8853,8867,8867,8867,34,0,1,1,34
267,1148037991927,1148038082681,90754,1148039782942,1148039782942,1148039784423,1148039890357,1148039724413,8900,1148035724475,165944,58529,1481,105934,8886,8900,8900,8900,33,0,1,1,34
268,1148042158593,1148042236566,77973,1148043936760,1148043936760,1148043937500,1148044037595,1148043866951,8933,1148039849640,170644,69809,740,100095,8919,8933,8933,8933,33,0,1,1,33
269,1148046325259,1148046399872,74613,1148048100029,1148048100029,1148048101075,1148048201205,1148047967423,8966,1148044104617,233782,132606,1046,100130,8953,8966,8966,8966,33,0,1,1,34
270,1148050491925,1148050565131,73206,1148052265497,1148052265497,1148052266504,1148052366673,1148052229622,9000,1148048104467,137051,35875,1007,100169,8986,9000,9000,9000,34,0,1,1,35
271,1148054658591,1148054731716,73125,1148056431973,1148056431973,1148056432706,1148056532915,1148056348165,9033,1148052357745,184750,83808,733,100209,9020,9033,9033,9033,33,0,1,1,34
272,1148058825257,1148058895137,69880,1148060595462,1148060595462,1148060596337,1148060696438,1148060472934,9066,1148056473111,223504,122528,875,100101,9053,9066,9066,9066,33,0,1,1,34
273,1148062991923,1148063063981,72058,1148064764333,1148064764333,1148064765309,1148064865472,1148064723478,9100,1148060597891,141994,40855,976,100163,9086,9100,9100,9100,34,0,1,1,35
274,1148067158589,1148067231002,72413,1148068931357,1148068931357,1148068932039,1148069032213,1148068853546,9133,1148064848295,178667,77811,682,100174,9120,9133,9133,9133,33,0,1,1,34
275,1148071325255,1148071463697,138442,1148073164000,1148073164000,1148073165151,1148073265357,1148073098421,9167,1148068978602,166936,65579,1151,100206,9153,9167,9167,9167,34,0,1,1,34
276,1148075491921,1148075587750,95829,1148077288031,1148077288031,1148077289191,1148077389330,1148077259143,9200,1148073273982,130187,28888,1160,100139,9186,9200,9200,9200,33,0,1,1,34
277,1148079658587,1148079732424,73837,1148081432593,1148081432593,1148081433835,1148081533996,1148081349350,9233,1148077349405,184646,83243,1242,100161,9220,9233,9233,9233,33,0,1,1,34
278,1148083825253,1148083896198,70945,1148085596510,1148085596510,1148085597475,1148085697654,1148085475266,9266,1148081473230,222388,121244,965,100179,9253,9266,9266,9266,33,0,1,1,34
279,1148087991919,1148088024157,32238,1148089724444,1148089724444,1148089725383,1148089825557,1148089600003,9299,1148085600233,225554,124441,939,100174,9286,9299,9299,9299,33,0,1,1,34
280,1148092158585,1148092240527,81942,1148093940780,1148093940780,1148093941705,1148094061006,1148093847865,9333,1148089724962,213141,92915,925,119301,9320,9333,9333,9333,34,0,1,1,35
281,1148096325251,1148096401327,76076,1148098101676,1148098101676,1148098102801,1148098202999,1148098099779,9367,1148093972849,103220,1897,1125,100198,9353,9367,9367,9367,34,0,1,1,34
282,1148100491917,1148100567301,75384,1148102267467,1148102267467,1148102268348,1148102368497,1148102225066,9400,1148098243144,143431,42401,881,100149,9386,9400,9400,9400,33,0,1,1,34
283,1148104658583,1148104739282,80699,1148106439584,1148106439584,1148106440456,1148106540651,1148106348226,9433,1148102349931,192425,91358,872,100195,9420,9433,9433,9433,33,0,1,1,34
284,1148108825249,1148108904780,79531,1148110605047,1148110605047,1148110605897,1148110706020,1148110598546,9467,1148106532441,107474,6501,850,100123,9453,9467,9467,9467,34,0,1,1,34
285,1148112991915,1148113073403,81488,1148114773603,1148114773603,1148114774416,1148114874536,1148114768390,9500,1148110741849,106146,5213,813,100120,9486,9500,9500,9500,33,0,1,1,33
286,1148117158581,1148117240299,81718,1148118940527,1148118940527,1148118941083,1148119041238,1148118847422,9533,1148114932258,193816,93105,556,100155,9520,9533,9533,9533,33,0,1,1,33
287,1148121325247,1148121407497,82250,1148123107688,1148123107688,1148123108396,1148123208578,1148123100029,9567,1148119052390,108549,7659,708,100182,9553,9567,9567,9567,34,0,1,1,34
288,1148125491913,1148125575087,83174,1148127275250,1148127275250,1148127275886,1148127375958,1148127224918,9600,1148123225684,151040,50332,636,100072,9586,9600,9600,9600,33,0,1,1,34
289,1148129658579,1148129807573,148994,1148131507841,1148131507841,1148131509382,1148131691615,1148131475193,9634,1148127350108,216422,32648,1541,182233,9620,9634,9634,9634,34,0,1,1,35
290,1148133825245,1148133919810,94565,1148135733151,1148135733151,1148135735140,1148135884280,1148135724927,9668,1148131600096,159353,8224,1989,149140,9653,9668,9668,9668,34,0,1,1,35
291,1148137991911,1148138074675,82764,1148139774979,1148139774979,1148139776348,1148139877799,1148139723261,9700,1148135850210,154538,51718,1369,101451,9686,9700,9700,9700,32,0,1,1,33
292,1148142158577,1148142235707,77130,1148143935889,1148143935889,1148143937156,1148144037342,1148143871920,9733,1148139847950,165422,63969,1267,100186,9720,9733,9733,9733,33,0,1,1,34
293,1148146325243,1148146398739,73496,1148148098940,1148148098940,1148148100053,1148148200132,1148147967225,9766,1148143972726,232907,131715,1113,100079,9753,9766,9766,9766,33,0,1,1,34
294,1148150491909,1148150564917,73008,1148152265279,1148152265279,1148152266570,1148152366733,1148152227761,9800,1148148105566,138972,37518,1291,100163,9786,9800,9800,9800,34,0,1,1,35
295,1148154658575,1148154730635,72060,1148156430867,1148156430867,1148156433377,1148156533574,1148156349273,9833,1148152354824,184301,81594,2510,100197,9819,9833,9833,9833,33,0,1,1,34
296,1148158825241,1148158902193,76952,1148160602646,1148160602646,1148160604940,1148160705092,1148160597700,9867,1148156472921,107392,4946,2294,100152,9853,9867,9867,9867,34,0,1,1,34
297,1148162991907,1148163066498,74591,1148164766778,1148164766778,1148164768314,1148164868534,1148164670719,9899,1148160777962,197815,96059,1536,100220,9886,9899,9899,9899,32,0,1,1,34
298,1148167158573,1148167231413,72840,1148168931668,1148168931668,1148168933426,1148169033550,1148168849018,9933,1148164805599,184532,82650,1758,100124,9920,9933,9933,9933,34,0,1,1,35
299,1148171325239,1148171398403,73164,1148173098576,1148173098576,1148173100037,1148173200166,1148172973780,9966,1148168973646,226386,124796,1461,100129,9953,9967,9967,9966,33,0,1,1,34
