frame,start_ns,frame_ns,input_records,sdl_motion_events,expensive_actions,sample_age_ns,producer_drops,sequence_errors,visible_objects
0,2770475572,8625897,67,1,1,1713195,0,0,9974
1,2779101639,8927387,75,2,1,980022,0,0,9984
2,2788029126,8644487,71,2,1,1008271,0,0,10029
3,2796673663,8775597,69,1,1,1048691,0,0,10019
4,2805449320,8672278,64,1,1,1797225,0,0,10029
5,2814121648,8756597,76,2,1,1006592,0,0,9991
6,2822878285,8613257,64,1,1,1769715,0,0,9992
7,2831491582,8668317,75,2,1,994212,0,0,9948
8,2840159949,8517667,67,1,1,1265379,0,0,9927
9,2848677646,8602587,70,2,1,1077680,0,0,9961
10,2857280273,8398067,69,1,1,1001961,0,0,10049
11,2865678380,8901357,67,2,1,1044991,0,0,9965
12,2874583657,8756167,71,1,1,1059361,0,0,9966
13,2883339974,8812577,71,2,1,967142,0,0,9999
14,2892152621,8638927,70,1,1,1037731,0,0,10054
15,2900791598,8662387,69,2,1,1034701,0,0,10005
16,2909454035,8824428,69,1,1,1080011,0,0,10015
17,2918278503,8963817,71,2,1,1042371,0,0,10067
18,2927242380,8974597,72,1,1,997162,0,0,10158
19,2936217087,8925918,72,2,1,965722,0,0,10164
20,2945143055,8827437,71,1,1,992471,0,0,10104
21,2953970542,8946617,71,2,1,964602,0,0,10011
22,2962917209,8441317,71,1,1,1028151,0,0,10043
23,2971358576,8919827,68,2,1,992032,0,0,10075
24,2980278453,8534857,71,1,1,1010811,0,0,10112
25,2988813360,9046878,68,2,1,1057631,0,0,10066
26,2997860298,8726707,73,1,1,959242,0,0,10117
27,3006587055,9103717,70,2,1,962662,0,0,10154
28,3015690832,9733908,72,1,1,1048891,0,0,10058
29,3025424790,8820787,78,2,1,1067581,0,0,9981
30,3034245627,9134268,71,1,1,967942,0,0,9992
31,3043379945,8899907,73,2,1,1022622,0,0,10025
32,3052279892,9039937,67,1,1,1522097,0,0,9981
33,3061319879,8667827,76,2,1,1067441,0,0,10025
34,3069987746,9197148,64,1,1,1708086,0,0,10052
35,3079184944,8716457,79,2,1,1058851,0,0,10110
36,3087901451,9169438,64,1,1,1746455,0,0,10059
37,3097070939,8502897,79,2,1,1059471,0,0,10000
38,3105573876,9016527,62,1,1,1797835,0,0,9988
39,3114590473,8581107,79,2,1,959052,0,0,9997
40,3123171620,10895169,63,1,1,1644096,0,0,10033
41,3134066839,8897047,92,2,1,1060151,0,0,10088
42,3142963936,9348598,71,2,1,1097280,0,0,10019
43,3152312584,8609057,72,1,1,1440138,0,0,10084
44,3160922131,9166677,72,2,1,1089601,0,0,10057
45,3170088858,8495777,68,1,1,1721116,0,0,10013
46,3178584795,9151288,74,2,1,1031062,0,0,10023
47,3187736363,8752487,67,1,1,1899814,0,0,10070
48,3196488980,9248877,76,2,1,1007162,0,0,10041
49,3205737967,8729857,74,2,1,997741,0,0,9996
50,3214467944,9469208,69,1,1,1202080,0,0,9990
51,3223937302,8561417,76,2,1,960342,0,0,9887
52,3232498859,8929847,68,1,1,1018281,0,0,9819
53,3241428826,8314717,71,2,1,1090161,0,0,9876
54,3249743653,8868757,67,1,1,985641,0,0,9942
55,3258612530,7943497,71,2,1,1018262,0,0,9961
56,3266556147,9168777,63,1,1,1300919,0,0,10012
57,3275725054,8245687,69,1,1,1633336,0,0,10100
58,3283970851,9200908,71,2,1,953652,0,0,10065
59,3293171889,8212046,71,1,1,1310049,0,0,10037
60,3301384055,9229358,68,2,1,1005892,0,0,10067
61,3310613553,8249827,72,1,1,1258439,0,0,9981
62,3318863500,9474767,68,2,1,1186420,0,0,10001
63,3328341667,8274337,73,1,1,1377128,0,0,10034
64,3336616054,9487708,69,2,1,1224730,0,0,9989
65,3346103902,8660747,74,1,1,1227159,0,0,10010
66,3354764769,9463988,71,2,1,984992,0,0,9985
67,3364228877,8590147,76,2,1,964632,0,0,9997
68,3372819144,9443537,68,1,1,1055581,0,0,9980
69,3382262821,8605077,76,2,1,1106310,0,0,9900
70,3390868028,9526048,69,1,1,1179630,0,0,9943
71,3400394196,8621847,76,2,1,1005421,0,0,10017
72,3409016183,9361198,69,1,1,1035741,0,0,10017
73,3418377501,8464577,75,2,1,1002572,0,0,9943
74,3426842208,9375218,68,1,1,983382,0,0,9990
75,3436217556,8688167,75,2,1,986142,0,0,9950
76,3444905773,9428237,69,1,1,1040851,0,0,9997
77,3454334140,8894288,76,2,1,962472,0,0,10000
78,3463228538,9529267,71,1,1,980442,0,0,10009
79,3472757935,8928008,76,2,1,1001282,0,0,10019
80,3481686083,8948927,66,1,1,1683746,0,0,10006
81,3490635120,8743447,77,2,1,982962,0,0,10019
82,3499378627,8724417,63,1,1,1885204,0,0,10048
83,3508103094,8743817,77,2,1,973462,0,0,10052
84,3516846971,8761208,65,1,1,1583677,0,0,9998
85,3525608229,8827117,74,2,1,971712,0,0,10077
86,3534435426,8533487,64,1,1,1544627,0,0,9941
87,3542968983,8667857,70,2,1,982061,0,0,9981
88,3551636890,8505207,67,1,1,1053561,0,0,9989
89,3560142157,8905307,65,2,1,1045121,0,0,10066
90,3569047524,8471897,68,1,1,1049421,0,0,10005
91,3577519481,8999877,65,2,1,1011571,0,0,10000
92,3586519418,8923428,70,1,1,983142,0,0,10043
93,3595442916,9153207,71,2,1,1094281,0,0,10023
94,3604596193,8595977,73,1,1,1076671,0,0,9975
95,3613192310,9147748,69,2,1,1084231,0,0,10011
96,3622340178,8632817,74,1,1,964622,0,0,10062
97,3630973115,9088337,69,2,1,959442,0,0,10057
98,3640061562,8678377,72,1,1,1041801,0,0,10040
99,3648740059,9295118,70,2,1,1217819,0,0,10064
100,3658035287,8078746,71,1,1,1392238,0,0,10086
101,3666114073,9014028,68,2,1,1120270,0,0,9960
102,3675128211,8414116,72,1,1,974772,0,0,9979
103,3683542457,9190378,67,2,1,1290699,0,0,10014
104,3692732965,8249057,74,1,1,990672,0,0,9985
105,3700982072,9197137,66,2,1,1159710,0,0,9994
106,3710179309,8624627,73,1,1,1059091,0,0,10150
107,3718804066,8983948,69,2,1,1080651,0,0,10047
108,3727788134,8954427,72,1,1,1014352,0,0,9992
109,3736742691,9027217,72,2,1,974952,0,0,10032
110,3745770038,8135217,72,1,1,997862,0,0,9999
111,3753905305,9226627,65,2,1,1035161,0,0,10025
112,3763132072,8997648,74,1,1,976412,0,0,10072
113,3772129850,9316357,72,2,1,987461,0,0,10023
114,3781449557,8409817,71,1,1,1441068,0,0,10052
115,3789859484,9083618,71,2,1,968791,0,0,10088
116,3798943282,8614097,71,1,1,1217020,0,0,10126
117,3807557429,9256997,70,2,1,1074591,0,0,10146
118,3816814556,8618557,73,1,1,1185280,0,0,10151
119,3825433263,8965588,70,2,1,1070200,0,0,10088
120,3834398971,8406337,70,1,1,1261119,0,0,10180
121,3842805418,8642547,69,2,1,1064411,0,0,10129
122,3851448375,8668037,69,1,1,1078021,0,0,10119
123,3860116472,8406067,70,2,1,1001051,0,0,10054
124,3868522679,9654527,67,1,1,1012901,0,0,10089
125,3878177336,8501547,78,2,1,977851,0,0,10138
126,3886678993,9341958,67,1,1,1049951,0,0,10023
127,3896021081,8491437,75,2,1,1015431,0,0,10031
128,3904515208,9573318,67,1,1,1146320,0,0,10006
129,3914088646,9171267,78,2,1,1004962,0,0,10014
130,3923260013,9117578,73,2,1,983062,0,0,9990
131,3932377781,9082057,73,1,1,1039471,0,0,9988
132,3941459958,8536017,73,2,1,958582,0,0,9992
133,3949996095,9146388,68,1,1,1006691,0,0,9933
134,3959142543,9086597,73,2,1,1029651,0,0,9946
135,3968229190,9121997,73,1,1,1025691,0,0,9955
136,3977351327,9048718,73,2,1,978412,0,0,10014
137,3986400155,8930887,72,1,1,1010292,0,0,10052
138,3995331102,8943247,72,2,1,973342,0,0,9970
139,4004274419,8770108,71,1,1,1019752,0,0,10002
140,4013044587,9049787,70,2,1,1089741,0,0,9965
141,4022094444,8787827,73,1,1,1008162,0,0,9937
142,4030882321,9160068,70,2,1,1004722,0,0,9997
143,4040042449,8616877,72,1,1,1196090,0,0,10007
144,4048659366,9129657,70,2,1,1067931,0,0,10002
145,4057789083,8370897,70,1,1,1435758,0,0,10005
146,4066160030,9219357,70,2,1,1080681,0,0,10019
147,4075379457,8249717,71,1,1,1422998,0,0,9982
148,4083629224,9269138,69,2,1,1008981,0,0,10019
149,4092898432,8230476,72,1,1,1301069,0,0,9992
150,4101128958,9082838,68,2,1,1002351,0,0,9962
151,4110211856,8417547,73,1,1,978242,0,0,9910
152,4118629453,9244157,67,2,1,1031201,0,0,9926
153,4127873650,8338687,74,1,1,1040821,0,0,10013
154,4136212377,9251838,67,2,1,1000181,0,0,9986
155,4145464265,8452787,74,1,1,996322,0,0,9975
156,4153917112,9447577,67,2,1,1049101,0,0,9995
157,4163364859,8701857,76,1,1,1000771,0,0,10049
158,4172066776,9375328,70,2,1,971511,0,0,10081
159,4181442154,8443747,70,1,1,1603647,0,0,9975
160,4189886011,8601597,72,2,1,981802,0,0,9996
161,4198487738,8062007,69,1,1,1007032,0,0,9917
162,4206549865,8502237,64,2,1,1044501,0,0,9857
163,4215052232,8653997,68,1,1,1089310,0,0,9886
164,4223706279,8855037,70,2,1,994012,0,0,9967
165,4232565186,8635297,70,1,1,1075401,0,0,10041
166,4241200533,8833207,69,2,1,1094361,0,0,10062
167,4250033800,8746327,71,1,1,1065451,0,0,10022
168,4258780197,9182578,70,2,1,1093981,0,0,10016
169,4267962835,8692647,74,1,1,998201,0,0,10008
170,4276655532,8985727,70,2,1,1041961,0,0,10005
171,4285641369,8620067,71,1,1,1015271,0,0,9970
172,4294261556,9090348,69,2,1,1024891,0,0,9997
173,4303352034,8697537,73,1,1,981231,0,0,10013
174,4312049711,9088597,69,2,1,1074121,0,0,10080
175,4321138428,8526227,73,1,1,1009282,0,0,10082
176,4329664705,8684487,68,2,1,1049611,0,0,10050
177,4338349322,8587187,70,1,1,984741,0,0,10098
178,4346936709,8871777,68,2,1,1010702,0,0,9972
179,4355808596,8791608,71,1,1,1062251,0,0,10024
180,4364600324,8683327,71,2,1,977752,0,0,10004
181,4373283701,8847067,69,1,1,1063931,0,0,10004
182,4382130878,8748077,71,2,1,977912,0,0,9992
183,4390879075,8812877,70,1,1,1029641,0,0,10020
184,4399692342,8754127,64,1,1,1808664,0,0,10019
185,4408446589,9015508,77,2,1,971622,0,0,10007
186,4417462337,8801187,72,2,1,966322,0,0,9966
187,4426263574,8882707,70,1,1,1067011,0,0,9919
188,4435146391,8786857,71,2,1,1018932,0,0,9900
189,4443933368,8969668,69,1,1,1092991,0,0,9969
190,4452903156,8844747,70,2,1,1038072,0,0,10021
191,4461748043,8664467,69,1,1,1011861,0,0,10054
192,4470412930,8626457,68,2,1,1056791,0,0,9952
193,4479039427,8329337,66,1,1,1048841,0,0,9930
194,4487368884,8964307,61,1,1,1505377,0,0,9939
195,4496333311,8723197,75,2,1,1067991,0,0,10089
196,4505056648,8763787,66,1,1,1421598,0,0,10074
197,4513820565,8584867,74,2,1,959282,0,0,9977
198,4522405512,8812808,67,1,1,1175670,0,0,9993
199,4531218430,8713827,72,2,1,994971,0,0,9986
200,4539932437,8740027,67,1,1,1201930,0,0,9967
201,4548672584,9157187,70,2,1,1062951,0,0,9978
202,4557829931,8149277,71,1,1,1336549,0,0,9978
203,4565979348,9117858,68,2,1,981502,0,0,9981
204,4575097246,8202436,72,1,1,1094531,0,0,9965
205,4583299802,9266368,66,2,1,1073931,0,0,9980
206,4592566300,8338237,74,1,1,1082621,0,0,9989
207,4600904657,9218407,67,2,1,1038471,0,0,10005
208,4610123204,8735677,74,1,1,997902,0,0,10031
209,4618858921,9300128,70,2,1,1015401,0,0,10007
210,4628159169,8172927,71,1,1,1423137,0,0,10022
211,4636332296,9172717,69,2,1,981272,0,0,9999
212,4645505123,8521527,73,1,1,994342,0,0,9992
213,4654026770,9235598,68,2,1,1038741,0,0,9985
214,4663262508,8758897,74,1,1,1021501,0,0,9980
215,4672021445,9207577,70,2,1,1063171,0,0,9907
216,4681229132,8528607,71,1,1,1359788,0,0,9949
217,4689761339,8915997,71,2,1,1008901,0,0,10020
218,4698677456,9183048,71,1,1,1042741,0,0,10054
219,4707860624,8863427,74,2,1,1003721,0,0,9944
220,4716724171,9099178,68,1,1,1373868,0,0,10007
221,4725823469,8919227,75,2,1,1102470,0,0,10006
222,4734742746,9045697,65,1,1,1866464,0,0,9979
223,4743788563,8975508,79,2,1,1075510,0,0,10014
224,4752764531,8697767,72,2,1,1033061,0,0,10029
225,4761462418,8704577,70,1,1,983281,0,0,10081
226,4770167055,8710037,69,2,1,1038401,0,0,10107
227,4778877142,8700597,70,1,1,1033041,0,0,10181
228,4787577789,8635487,63,1,1,1823054,0,0,10170
229,4796213356,8498997,76,2,1,997922,0,0,10022
230,4804712423,8323427,64,1,1,1460578,0,0,10004
231,4813035990,8437437,70,2,1,1075200,0,0,10003
232,4821473537,8580867,68,1,1,1025172,0,0,10088
233,4830054514,8941157,69,2,1,955162,0,0,10016
234,4838995741,9273008,71,1,1,1029112,0,0,10072
235,4848268789,8777547,74,2,1,1053401,0,0,10164
236,4857046386,9214087,70,1,1,1041561,0,0,10065
237,4866260533,8572167,74,2,1,1017091,0,0,10003
238,4874832740,8983498,69,1,1,981282,0,0,10016
239,4883816358,8538847,72,2,1,962411,0,0,9995
240,4892355335,9266777,68,1,1,1003892,0,0,9997
241,4901622252,8650187,74,2,1,1018601,0,0,10005
242,4910272509,9312928,69,1,1,1044881,0,0,10095
243,4919585507,8704537,75,2,1,979801,0,0,10088
244,4928290104,8850017,69,1,1,1091631,0,0,10060
245,4937140181,8605337,71,2,1,1020251,0,0,9995
246,4945745598,8825717,69,1,1,987982,0,0,10026
247,4954571395,8885818,71,2,1,974051,0,0,9969
248,4963457263,9306627,71,1,1,958002,0,0,10021
249,4972763950,8710447,74,2,1,1030232,0,0,10087
250,4981474457,9004018,66,1,1,1496088,0,0,10089
251,4990478525,8936127,76,2,1,1024551,0,0,10049
252,4999414722,8875697,66,1,1,1678046,0,0,10088
253,5008290479,8798507,76,2,1,1069071,0,0,10092
254,5017089046,8217257,65,1,1,1724506,0,0,10023
255,5025306353,8758627,72,2,1,981372,0,0,10055
256,5034066780,9036838,68,1,1,1220059,0,0,10058
257,5043103688,8902867,74,2,1,1008851,0,0,10143
258,5052006615,9289838,68,1,1,1406519,0,0,10097
259,5061296513,8758817,77,2,1,1077190,0,0,10046
260,5070055530,8824597,64,1,1,1806514,0,0,9979
261,5078880187,8272727,77,2,1,1021431,0,0,9817
262,5087152954,8889617,63,1,1,1392468,0,0,9882
263,5096042691,8355867,74,2,1,1068791,0,0,9893
264,5104398608,9136337,67,1,1,1036101,0,0,9919
265,5113535015,8416517,73,2,1,1051071,0,0,10029
266,5121951602,8974387,67,1,1,1073401,0,0,10041
267,5130926039,8704027,72,2,1,1108691,0,0,10140
268,5139633496,8931558,70,1,1,1008781,0,0,10000
269,5148565164,8700227,72,2,1,972292,0,0,9991
270,5157265571,8654057,69,1,1,1032841,0,0,10006
271,5165919738,8872207,69,2,1,1225590,0,0,9979
272,5174792055,8657667,71,1,1,1290459,0,0,10012
273,5183449782,9336848,70,2,1,949642,0,0,10005
274,5192786670,8471237,74,1,1,1058021,0,0,10028
275,5201257957,9249467,68,2,1,1012981,0,0,10030
276,5210507464,8138407,72,1,1,1272499,0,0,10009
277,5218645921,9272568,67,2,1,1031761,0,0,10021
278,5227918539,8416416,74,1,1,1073431,0,0,10003
279,5236334995,9168008,68,2,1,975631,0,0,10023
280,5245503063,8367807,73,1,1,980362,0,0,9981
281,5253870920,9462498,67,2,1,1007301,0,0,9934
282,5263333468,8574957,74,1,1,1215280,0,0,9949
283,5271908535,9360907,70,2,1,1037701,0,0,9943
284,5281269562,8696547,71,1,1,1539957,0,0,10053
285,5289966159,9569238,74,2,1,1133941,0,0,10026
286,5299535507,8675827,76,2,1,1297319,0,0,9962
287,5308211454,9573738,70,1,1,1113611,0,0,9982
288,5317785242,8543147,76,2,1,1060091,0,0,9960
289,5326328439,9603338,69,1,1,1087101,0,0,9994
290,5335931827,8871137,77,2,1,1123341,0,0,9984
291,5344803024,9440208,70,1,1,1078271,0,0,9964
292,5354243272,9016697,76,2,1,1101601,0,0,10042
293,5363260019,9247908,71,1,1,1135741,0,0,9989
294,5372507967,8696327,75,2,1,1038011,0,0,9999
295,5381204334,9057447,67,1,1,1329489,0,0,10032
296,5390261811,8827787,75,2,1,1004911,0,0,10065
297,5399089638,8926448,65,1,1,1740586,0,0,10025
298,5408016136,8772747,77,2,1,1015161,0,0,10046
299,5416788923,8563207,66,1,1,1559947,0,0,10068
300,5425352180,8533467,73,2,1,996271,0,0,10054
301,5433885697,8879637,67,1,1,1130650,0,0,10020
302,5442765374,8671377,72,2,1,1055891,0,0,10052
303,5451436801,9377768,69,1,1,1081541,0,0,10115
304,5460814619,8719547,76,2,1,984231,0,0,10068
305,5469534206,9214527,66,1,1,1404328,0,0,10048
306,5478748783,8714478,77,2,1,1042431,0,0,10014
307,5487463321,9113937,65,1,1,1591066,0,0,10035
308,5496577308,8751957,78,2,1,957612,0,0,10099
309,5505329305,8885097,64,1,1,1720395,0,0,10077
310,5514214452,8563397,77,2,1,965672,0,0,10076
311,5522777889,8928318,63,1,1,1645566,0,0,10045
312,5531706257,8601357,77,2,1,999751,0,0,10065
313,5540307654,8805087,65,1,1,1434318,0,0,10083
314,5549112801,8510977,74,2,1,1008352,0,0,10102
315,5557623808,8297727,67,1,1,1124480,0,0,9933
316,5565921585,8564627,67,2,1,1044191,0,0,10020
317,5574486262,8837977,69,1,1,1001942,0,0,9992
318,5583324299,8548737,71,2,1,963892,0,0,10021
319,5591876196,8728897,68,1,1,997221,0,0,10028
320,5600605133,9224267,70,2,1,989912,0,0,10056
321,5609829450,8905978,74,1,1,998551,0,0,10108
322,5618735468,9217997,71,2,1,1003322,0,0,10050
323,5627953585,8798307,74,1,1,1014742,0,0,10005
324,5636752012,9516858,70,2,1,1062091,0,0,10032
325,5646269060,8662267,71,1,1,1730375,0,0,10012
326,5654931447,9604738,75,2,1,1041281,0,0,10031
327,5664536375,8874397,77,2,1,1026301,0,0,10026
328,5673410912,9560728,70,1,1,1069930,0,0,9997
329,5682971690,8566787,77,2,1,1007571,0,0,10020
330,5691538537,9266038,68,1,1,1065521,0,0,10138
331,5700804615,8500467,74,2,1,1083690,0,0,10133
332,5709305142,9233427,68,1,1,1087151,0,0,10098
333,5718538679,8366137,74,2,1,1097980,0,0,10118
334,5726904876,9268358,67,1,1,1089160,0,0,10087
335,5736173294,8390686,74,2,1,1074631,0,0,10081
336,5744564030,9384748,67,1,1,1089470,0,0,10036
337,5753948828,8622277,76,2,1,950322,0,0,10031
338,5762571165,9586238,68,1,1,1077630,0,0,10064
339,5772157533,8746467,77,2,1,1056921,0,0,10027
340,5780904070,9168278,69,1,1,1193100,0,0,10001
341,5790072458,8888487,74,2,1,1078101,0,0,10036
342,5798961075,8995007,67,1,1,1618887,0,0,9958
343,5807956212,8638757,77,2,1,960001,0,0,9907
344,5816595099,8907348,65,1,1,1466288,0,0,9953
345,5825502567,8699637,75,2,1,1025581,0,0,9923
346,5834202244,8580077,66,1,1,1480617,0,0,9953
347,5842782431,8785967,72,2,1,1058301,0,0,10021
348,5851568468,8686457,68,1,1,1336008,0,0,10035
349,5860254985,9084797,72,2,1,1039481,0,0,10000
350,5869339842,8552207,70,1,1,1338648,0,0,9938
351,5877892099,9141188,71,2,1,1068091,0,0,9985
352,5887033347,8470287,72,1,1,1173690,0,0,9950
353,5895503684,9141787,69,2,1,1041011,0,0,9987
354,5904645511,8667567,71,1,1,1293379,0,0,9979
355,5913313128,9119928,71,2,1,1094120,0,0,9996
356,5922433106,8597807,70,1,1,1429208,0,0,9982
357,5931030963,9669458,72,2,1,1042051,0,0,9999
358,5940700521,8483717,78,2,1,942282,0,0,10021
359,5949184348,9643407,67,1,1,1073471,0,0,9987
360,5958827795,8636577,78,2,1,998452,0,0,10020
361,5967464422,9666028,69,1,1,970392,0,0,9999
362,5977130490,8518207,77,2,1,1045321,0,0,9926
363,5985648847,9781838,68,1,1,1061271,0,0,9922
364,5995430715,8583177,79,2,1,1048921,0,0,9929
365,6004014022,9418688,68,1,1,1025481,0,0,9930
366,6013432830,8475757,75,2,1,1074271,0,0,9970
367,6021908717,9214147,68,1,1,1046701,0,0,9968
368,6031123034,8489947,74,2,1,1003361,0,0,10076
369,6039613121,9075458,68,1,1,974001,0,0,9999
370,6048691859,8504687,73,2,1,1201960,0,0,10025
371,6057196606,8547687,67,1,1,1074691,0,0,9894
372,6065744343,8456967,69,2,1,1205050,0,0,9946
373,6074201450,9192767,68,1,1,954832,0,0,9894
374,6083394267,8565837,73,2,1,1042131,0,0,9964
375,6091960154,9421418,69,1,1,996982,0,0,10042
376,6101381622,8484347,75,2,1,1037341,0,0,10024
377,6109866019,9196037,68,1,1,985082,0,0,10016
378,6119062136,8466897,73,2,1,1079870,0,0,10013
379,6127529093,9024448,68,1,1,1038242,0,0,10024
380,6136553611,8451246,72,2,1,1066241,0,0,9988
381,6145004927,10959849,68,1,1,1020061,0,0,10002
382,6155964886,8807078,88,2,1,999782,0,0,10027
383,6164772074,8594207,70,2,1,1080510,0,0,10096
384,6173368271,8738207,69,1,1,978152,0,0,10067
385,6182106588,8544697,70,2,1,1020121,0,0,10108
386,6190651325,8661757,68,1,1,1042681,0,0,10088
387,6199313132,8520607,70,2,1,967622,0,0,9973
388,6207833789,8679207,68,1,1,964842,0,0,9991
389,6216513096,9051827,66,1,1,1415918,0,0,10021
390,6225565023,8741277,76,2,1,986572,0,0,10035
391,6234306410,9254998,66,1,1,1498267,0,0,10070
392,6243561518,8856987,78,2,1,991761,0,0,10087
393,6252418625,8749687,65,1,1,1709265,0,0,10058
394,6261168432,9227108,76,2,1,1010001,0,0,10000
395,6270395660,8581727,73,2,1,1054421,0,0,10023
396,6278977447,8583067,69,1,1,1029311,0,0,10010
397,6287560584,9076867,64,1,1,1573517,0,0,10080
398,6296637521,9217778,77,2,1,1051381,0,0,9973
399,6305855349,8706567,74,2,1,1003362,0,0,9971
400,6314561966,9237907,70,1,1,979782,0,0,9981
401,6323800003,8690798,73,2,1,1074541,0,0,10056
402,6332490881,9105967,70,1,1,1016151,0,0,10052
403,6341596908,8543607,73,2,1,1018102,0,0,10023
404,6350140565,9009007,68,1,1,1029411,0,0,10012
405,6359149692,8406047,72,2,1,1098441,0,0,10010
406,6367555799,8961838,67,1,1,1095041,0,0,10031
407,6376517687,8474096,72,2,1,1046821,0,0,10034
408,6384991843,9143298,68,1,1,1002192,0,0,9922
409,6394135261,8917177,67,1,1,1786655,0,0,9994
410,6403052568,8682927,77,2,1,1069791,0,0,9970
411,6411735695,9087818,70,2,1,1055091,0,0,10005
412,6420823553,8653577,73,1,1,992862,0,0,10045
413,6429477380,9015637,69,2,1,1021351,0,0,10025
414,6438493137,8658887,72,1,1,1011062,0,0,9966
415,6447152144,8977068,70,2,1,955682,0,0,9973
416,6456129352,8748487,71,1,1,1018912,0,0,9991
417,6464878309,9054117,70,2,1,1055071,0,0,9964
418,6473932476,8877857,72,1,1,1076971,0,0,9984
419,6482810473,9198538,72,2,1,969832,0,0,9975
420,6492009131,8863807,73,1,1,1070650,0,0,9982
421,6500876288,9332268,71,2,1,1056801,0,0,9999
422,6510208686,8246206,73,1,1,1272170,0,0,10036
423,6518455022,9129788,68,2,1,1007872,0,0,10009
424,6527584870,8462347,73,1,1,1023841,0,0,10008
425,6536047287,9205917,67,2,1,1101811,0,0,10009
426,6545253264,8423907,74,1,1,1043401,0,0,9958
427,6553677231,9391908,68,2,1,957122,0,0,9935
428,6563069189,8682977,74,1,1,1080811,0,0,9933
429,6571752236,9381458,70,2,1,1047930,0,0,10033
430,6581133754,7982846,71,1,1,1547387,0,0,9980
431,6589116670,9367288,68,2,1,999861,0,0,9960
432,6598484018,8627047,73,1,1,1271589,0,0,9977
433,6607111125,9383767,71,2,1,997131,0,0,10071
434,6616494962,8553527,71,1,1,1503427,0,0,10036
435,6625048679,9467918,72,2,1,1086700,0,0,10054
436,6634516647,8543747,69,1,1,1936344,0,0,10066
437,6643060524,9490258,76,2,1,997301,0,0,10152
438,6652550892,8757257,76,2,1,962892,0,0,10174
439,6661308229,9107938,70,1,1,967102,0,0,10019
440,6670416247,8323486,67,1,1,1678936,0,0,9982
441,6678739833,8717237,72,2,1,1006951,0,0,9978
442,6687457120,8456117,63,1,1,1868874,0,0,10064
443,6695913287,9055768,75,2,1,989702,0,0,9949
444,6704969135,8706897,66,1,1,1758295,0,0,10008
445,6713676162,8823307,76,2,1,950452,0,0,10186
446,6722499529,8569997,67,1,1,1391318,0,0,10107
447,6731069586,8658957,72,2,1,966032,0,0,10036
448,6739728583,8921407,69,1,1,965072,0,0,9991
449,6748650060,8592487,71,2,1,1047771,0,0,10032
450,6757242617,8411027,69,1,1,978182,0,0,10018
451,6765653704,8882578,67,2,1,1054341,0,0,10129
452,6774536352,8903707,71,1,1,1058321,0,0,10079
453,6783440119,8875317,72,2,1,1001362,0,0,10018
454,6792315496,8732977,71,1,1,969681,0,0,10019
455,6801048533,8787347,70,2,1,972342,0,0,9987
456,6809835960,8732547,70,1,1,1005261,0,0,9989
457,6818568557,8895398,70,2,1,978441,0,0,10033
458,6827464025,8944867,71,1,1,999142,0,0,10049
459,6836408932,8755847,71,2,1,1063911,0,0,10091
460,6845164839,8806087,70,1,1,1047321,0,0,10051
461,6853971086,9047368,71,2,1,1003111,0,0,10098
462,6863018524,9336737,72,1,1,1030702,0,0,9958
463,6872355321,8742148,75,2,1,994221,0,0,10022
464,6881097599,9039787,68,1,1,1258670,0,0,9985
465,6890137556,8630917,74,2,1,1059601,0,0,10006
466,6898768593,9100547,67,1,1,1305299,0,0,10014
467,6907869280,8953108,75,2,1,1054501,0,0,10002
468,6916822608,9213677,66,1,1,1780005,0,0,9990
469,6926036425,8989608,80,2,1,990251,0,0,10012
470,6935026153,9129087,71,2,1,1079471,0,0,9917
471,6944155290,8911347,73,1,1,1125220,0,0,9862
472,6953066767,9161078,72,2,1,980162,0,0,9868
473,6962231535,8529307,73,1,1,1027662,0,0,9867
474,6970760912,9008887,68,2,1,1040841,0,0,9942
475,6979769869,8392327,72,1,1,1051761,0,0,9962
476,6988162246,8993187,67,2,1,1075630,0,0,10039
477,6997155483,8596887,72,1,1,1090181,0,0,10025
478,7005752490,9022318,69,2,1,1033841,0,0,10067
479,7014774928,8802107,72,1,1,1082901,0,0,10104
480,7023577165,9087037,71,2,1,979041,0,0,10090
481,7032664392,8651257,72,1,1,1080051,0,0,10035
482,7041315709,9219798,70,2,1,995531,0,0,9976
483,7050535557,8809347,73,1,1,1098211,0,0,9993
484,7059345104,9076158,71,2,1,1034001,0,0,9971
485,7068421322,9457217,73,1,1,959362,0,0,9986
486,7077878599,9210698,75,2,1,1032022,0,0,10024
487,7087089347,8530607,68,1,1,1731305,0,0,9988
488,7095620014,9204467,74,2,1,1011051,0,0,10023
489,7104824631,8735887,68,1,1,1738825,0,0,9999
490,7113560628,9227348,76,2,1,970862,0,0,9993
491,7122788036,8652427,73,1,1,965612,0,0,10007
492,7131440523,9102167,70,2,1,990272,0,0,9912
493,7140542740,8702268,72,2,1,1078861,0,0,9949
494,7149245078,9204797,70,1,1,1014231,0,0,10021
495,7158449945,8650757,74,2,1,1008251,0,0,10034
496,7167100742,9004567,69,1,1,983521,0,0,9972
497,7176105429,8774468,72,2,1,1006992,0,0,9969
498,7184879987,9235877,70,1,1,1042031,0,0,9928
499,7194115934,8659497,74,2,1,1043961,0,0,9984
500,7202775491,9196808,69,1,1,1039461,0,0,10002
501,7211972359,8664327,74,2,1,1020611,0,0,9985
502,7220636736,9178977,69,1,1,1025181,0,0,10017
503,7229815813,8535527,74,2,1,989382,0,0,9985
504,7238351420,9239648,68,1,1,988591,0,0,10033
505,7247591128,8760077,74,2,1,1039971,0,0,10021
506,7256351275,9514928,70,1,1,983441,0,0,10043
507,7265866273,8811237,76,2,1,1028951,0,0,10016
508,7274677630,8891357,71,1,1,982131,0,0,10007
509,7283569117,8620297,71,2,1,979022,0,0,10043
510,7292189864,8900008,69,1,1,983482,0,0,10050
511,7301089992,8523166,71,2,1,999012,0,0,10052
512,7309615078,9221918,68,1,1,1005371,0,0,9979
513,7318837116,8648737,73,2,1,1022352,0,0,10017
514,7327485913,9315728,69,1,1,1029941,0,0,10063
515,7336801821,8965877,75,2,1,989262,0,0,10042
516,7345767828,9199338,69,1,1,1293299,0,0,9979
517,7354967286,8880967,76,2,1,983182,0,0,10066
518,7363848313,8991747,66,1,1,1618386,0,0,10064
519,7372840130,8861867,77,2,1,1005532,0,0,10038
520,7381702047,8658687,64,1,1,1886974,0,0,10097
521,7390360774,8797548,76,2,1,1002962,0,0,10099
522,7399158372,8919887,65,1,1,1703075,0,0,10008
523,7408078359,8788147,77,2,1,987521,0,0,10025
524,7416869996,8703047,64,1,1,1764355,0,0,9997
525,7425573203,8772517,76,2,1,996022,0,0,9994
526,7434345830,8995868,65,1,1,1631136,0,0,10044
527,7443341818,8993987,77,2,1,1002661,0,0,10110
528,7452335915,8899417,72,2,1,991212,0,0,10088
529,7461235382,8639827,71,1,1,1019431,0,0,10018
530,7469875269,8827678,62,1,1,1894004,0,0,10022
531,7478703017,8734197,78,2,1,1019552,0,0,9985
532,7487437264,8706357,69,1,1,980242,0,0,9999
533,7496143701,8622257,70,2,1,1054571,0,0,10030
534,7504766018,9023867,67,1,1,1307899,0,0,10078
535,7513789965,8757087,74,2,1,1077271,0,0,10023
536,7522547102,8960208,66,1,1,1575486,0,0,10059
537,7531507380,8687047,76,2,1,1067021,0,0,10089
538,7540194477,8854557,65,1,1,1590216,0,0,10103
539,7549049094,8630297,76,2,1,958482,0,0,10179
540,7557679451,8561187,66,1,1,1331159,0,0,10108
541,7566240678,8656917,71,2,1,1018091,0,0,10075
542,7574897655,8376777,69,1,1,1067441,0,0,10138
543,7583274482,8539557,67,2,1,1055031,0,0,10134
544,7591814099,8709467,68,1,1,1001881,0,0,10071
545,7600523626,8457197,69,2,1,1073590,0,0,10083
546,7608980883,8792147,68,1,1,1026542,0,0,10089
547,7617773100,9015377,70,2,1,1070251,0,0,10105
548,7626788537,8953188,72,1,1,1118101,0,0,10010
549,7635741825,9197847,72,2,1,1025981,0,0,10009
550,7644939732,8716857,74,1,1,969512,0,0,10057
551,7653656649,9479748,69,2,1,1067491,0,0,9984
552,7663136507,8554277,74,1,1,1294189,0,0,9905
553,7671690854,9345958,71,2,1,965612,0,0,9941
554,7681036942,8542997,72,1,1,1350179,0,0,9937
555,7689579989,9291317,70,2,1,987902,0,0,9977
556,7698871426,8537717,70,1,1,1526847,0,0,10028
557,7707409193,9395138,72,2,1,1087581,0,0,10004
558,7716804391,8452657,70,1,1,1710325,0,0,9966
559,7725257098,9350518,73,2,1,1056451,0,0,9975
560,7734607696,8667647,69,1,1,977002,0,0,9979
561,7743275393,9166417,75,2,1,1069671,0,0,10011
562,7752441860,8626687,74,2,1,978901,0,0,9987
563,7761068607,9180888,69,1,1,993752,0,0,10002
564,7770249555,8630857,67,1,1,1782315,0,0,10023
565,7778880482,8657957,75,2,1,1036881,0,0,10025
566,7787538509,8661987,69,2,1,1060551,0,0,9979
567,7796200536,8685097,70,1,1,983071,0,0,9985
568,7804885693,8696097,64,1,1,1655486,0,0,10008
569,7813581850,9278108,75,2,1,1046641,0,0,9982
570,7822860068,8659957,69,1,1,1682386,0,0,9925
571,7831520085,8804787,74,2,1,1072761,0,0,9932
572,7840324932,8098696,71,2,1,1014581,0,0,9966
573,7848423738,9173418,65,1,1,961232,0,0,10030
574,7857597216,8198477,69,1,1,1503448,0,0,9998
575,7865799133,9156727,68,2,1,974382,0,0,9982
576,7874955990,8413427,72,1,1,1108970,0,0,10021
577,7883369607,9035687,68,2,1,1047662,0,0,10078
578,7892405344,8260197,72,1,1,1065001,0,0,10109
579,7900665681,8821497,67,2,1,954601,0,0,9985
580,7909487298,8522987,70,1,1,1046261,0,0,9971
581,7918010345,8934108,68,2,1,1032781,0,0,9947
582,7926944523,8566947,72,1,1,981531,0,0,9968
583,7935511520,8891007,65,2,1,1077401,0,0,9964
584,7944402627,8805047,70,1,1,1053421,0,0,9987
585,7953207824,8662987,71,2,1,1031992,0,0,10011
586,7961870941,9656148,69,1,1,1043481,0,0,9993
587,7971527169,8719947,77,2,1,1060751,0,0,9998
588,7980247166,9601298,70,1,1,1031551,0,0,10018
589,7989848514,8786407,77,2,1,969932,0,0,10020
590,7998634961,9148708,69,1,1,1167700,0,0,10052
591,8007783799,8744667,74,2,1,1057951,0,0,10064
592,8016528596,9004787,66,1,1,1578857,0,0,10049
593,8025533513,8644487,76,2,1,1049551,0,0,10075
594,8034178160,8916317,65,1,1,1581147,0,0,10097
595,8043094607,8543347,76,2,1,995142,0,0,9977
596,8051638004,9042798,67,1,1,1159121,0,0,9986
597,8060680922,8466497,74,2,1,967761,0,0,10010
598,8069147479,9040487,67,1,1,1070041,0,0,9983
599,8078188016,8497167,73,2,1,978892,0,0,10032
600,8086685253,9202808,66,1,1,1224380,0,0,10084
601,8095888101,8570657,75,2,1,1084531,0,0,10118
602,8104458818,9137427,69,1,1,984852,0,0,10060
603,8113596305,8516867,73,2,1,996452,0,0,10018
604,8122113232,9145107,67,1,1,1155330,0,0,10035
605,8131258399,8648597,74,2,1,1062471,0,0,10016
606,8139907076,9154308,68,1,1,1201650,0,0,10036
607,8149061434,8566557,74,2,1,1014171,0,0,9943
608,8157628071,8247677,62,1,1,1547507,0,0,9946
609,8165875808,8571047,70,2,1,1083551,0,0,9935
610,8174446925,8621257,69,1,1,999491,0,0,9985
611,8183068232,8614467,68,2,1,1181840,0,0,9984
612,8191682739,8776477,68,1,1,1029002,0,0,10054
613,8200459276,8410417,70,2,1,1051081,0,0,10031
614,8208869743,8531117,67,1,1,1063581,0,0,9952
615,8217400920,8401257,68,2,1,1259079,0,0,9969
616,8225802227,8684647,67,1,1,1118621,0,0,10019
617,8234486924,8641877,63,1,1,1911384,0,0,10029
618,8243128871,8742357,76,2,1,1060001,0,0,9997
619,8251871328,8552557,65,1,1,1684195,0,0,10007
620,8260423975,8827307,75,2,1,1263759,0,0,9968
621,8269251342,9049047,66,1,1,1433748,0,0,9960
622,8278300519,8510597,76,2,1,1020362,0,0,9992
623,8286811156,9322678,65,1,1,1379978,0,0,9977
624,8296133874,9423728,75,2,1,1252620,0,0,9983
625,8305557712,9122467,76,2,1,999571,0,0,9985
626,8314683889,9159818,73,1,1,1009001,0,0,9982
627,8323843747,8942557,73,2,1,996962,0,0,9984
628,8332786354,9062537,71,1,1,1090181,0,0,10021
629,8341848941,8651067,73,2,1,1017252,0,0,10016
630,8350500048,9784968,69,1,1,1048231,0,0,10006
631,8360285136,8581947,79,2,1,989362,0,0,9990
632,8368867203,9125688,67,1,1,1174080,0,0,9995
633,8377992921,8486037,74,2,1,1048392,0,0,9971
634,8386479008,9002917,66,1,1,1277760,0,0,9911
635,8395481985,8513317,74,2,1,1048291,0,0,9921
636,8403995342,9302708,68,1,1,1045371,0,0,9996
637,8413298090,8480727,75,2,1,981721,0,0,10019
638,8421778857,9006057,67,1,1,1079540,0,0,9969
639,8430784954,8290297,72,2,1,1088401,0,0,9961
640,8439077201,9158937,67,1,1,994741,0,0,9967
641,8448236198,8530537,73,2,1,1043932,0,0,9976
642,8456766775,8834367,68,1,1,1065671,0,0,10025
643,8465601242,8897978,71,2,1,1023391,0,0,10126
644,8474499270,8548947,71,1,1,1058441,0,0,10091
645,8483048267,8654397,69,2,1,1002611,0,0,10079
646,8491702704,8697637,69,1,1,1014091,0,0,10061
647,8500400391,8405257,69,2,1,1106001,0,0,9926
648,8508805698,8658237,68,1,1,981942,0,0,9924
649,8517463985,8346677,69,2,1,1033031,0,0,9815
650,8525810712,8882067,67,1,1,992101,0,0,9867
651,8534692829,8540587,71,2,1,1018172,0,0,9875
652,8543233456,8896887,68,1,1,1056031,0,0,9981
653,8552130393,8801907,64,1,1,1944754,0,0,10083
654,8560932350,9071678,78,2,1,1010682,0,0,10007
655,8570004118,8782727,72,2,1,1230579,0,0,10027
656,8578786905,9200197,71,1,1,988442,0,0,9997
657,8587987162,8639057,73,2,1,1071191,0,0,10013
658,8596626329,9261258,69,1,1,1063441,0,0,10038
659,8605887637,8715247,74,2,1,1072951,0,0,10095
660,8614602924,9252168,70,1,1,1037471,0,0,10078
661,8623855142,8585057,74,2,1,1036071,0,0,10057
662,8632440279,9181407,69,1,1,1010971,0,0,10084
663,8641621736,8694797,73,2,1,1077401,0,0,10094
664,8650316583,9062988,70,1,1,998662,0,0,9935
665,8659379611,8667207,72,2,1,1113100,0,0,9996
666,8668046948,9120807,70,1,1,975862,0,0,9997
667,8677167795,8608637,73,2,1,999861,0,0,10028
668,8685776482,9095428,68,1,1,1081371,0,0,10016
669,8694871950,8836697,73,2,1,1148510,0,0,10055
670,8703708777,9866118,71,1,1,1033842,0,0,10030
671,8713574955,8795207,79,2,1,1031231,0,0,9992
672,8722370232,9006057,66,1,1,1547916,0,0,9957
673,8731376349,8714648,72,2,1,1044841,0,0,9944
674,8740091077,9302437,64,1,1,1651686,0,0,9935
675,8749393604,8619697,76,2,1,979122,0,0,9929
676,8758013411,9019928,60,1,1,1827035,0,0,9906
677,8767036889,8553837,77,2,1,988152,0,0,9865
678,8775590786,8954297,66,2,1,992081,0,0,9940
679,8784545163,8791467,71,1,1,1269600,0,0,9960
680,8793336690,8835327,70,2,1,1037981,0,0,10003
681,8802172097,8576897,71,1,1,991401,0,0,10051
682,8810749034,8907008,64,1,1,1553746,0,0,10096
683,8819656132,8830177,76,2,1,981692,0,0,10135
684,8828486349,8983617,64,1,1,1794285,0,0,10054
685,8837470016,8617917,78,2,1,1009351,0,0,10033
686,8846088043,9073788,63,1,1,1774615,0,0,9985
687,8855161881,8942037,79,2,1,1005962,0,0,9976
688,8864104008,8665017,71,2,1,1048091,0,0,9976
689,8872769075,8983997,69,1,1,1093420,0,0,9992
690,8881753112,8723467,72,2,1,1090941,0,0,10012
691,8890476629,8793778,70,1,1,1039251,0,0,9988
692,8899270517,8811867,70,2,1,1066741,0,0,10024
693,8908082444,8853237,71,1,1,1007451,0,0,9995
694,8916935791,8808687,71,2,1,1010411,0,0,10016
695,8925744518,9048188,70,1,1,1287810,0,0,9998
696,8934792746,8721727,72,2,1,1112870,0,0,9962
697,8943514513,8897167,70,1,1,1092700,0,0,9945
698,8952411730,8693817,72,2,1,991822,0,0,9956
699,8961105597,8859207,69,1,1,1065371,0,0,10004
700,8969964854,8722227,71,2,1,1019912,0,0,10017
701,8978687131,8622547,70,1,1,1012471,0,0,9939
702,8987309728,8757028,63,1,1,1749795,0,0,9983
703,8996066806,8708687,76,2,1,1025512,0,0,9962
704,9004775543,8888187,64,1,1,1711296,0,0,9952
705,9013663770,8635727,77,2,1,999721,0,0,10017
706,9022299537,9056667,65,1,1,1482127,0,0,10011
707,9031356254,8992688,77,2,1,1045291,0,0,10045
708,9040349052,8889767,71,2,1,1033112,0,0,10064
709,9049238899,8691387,71,1,1,1068791,0,0,10060
710,9057930336,9082418,69,2,1,1035251,0,0,10021
711,9067012814,8539437,73,1,1,1085541,0,0,9973
712,9075552291,9107237,62,1,1,1861665,0,0,10126
713,9084659588,8572207,80,2,1,987501,0,0,10060
714,9093231845,8875227,68,2,1,1038941,0,0,10111
715,9102107122,9075908,71,1,1,1067501,0,0,10055
716,9111183080,8534267,73,2,1,1020702,0,0,10103
717,9119717397,9250207,68,1,1,1022911,0,0,10128
718,9128967654,8622767,74,2,1,1048111,0,0,10052
719,9137590481,9283758,69,1,1,1019791,0,0,10102
720,9146874289,8533627,74,2,1,1087510,0,0,10090
721,9155407976,9518737,69,1,1,1069691,0,0,10098
722,9164926763,8632098,76,2,1,1030851,0,0,10048
723,9173558911,9300647,69,1,1,1012462,0,0,9944
724,9182859608,8613717,74,2,1,1074231,0,0,9984
725,9191473365,9190288,69,1,1,1022432,0,0,10003
726,9200663703,8556127,74,2,1,986351,0,0,9996
727,9209219870,8879907,68,1,1,1006372,0,0,10038
728,9218099877,8761517,71,2,1,1059541,0,0,10075
729,9226865914,9036037,70,1,1,1057391,0,0,10083
730,9235902001,8745048,73,2,1,985202,0,0,10047
731,9244647159,8836127,69,1,1,1099651,0,0,10019
732,9253483336,8606837,71,2,1,1067721,0,0,9995
733,9262090213,8707887,69,1,1,1028352,0,0,9981
734,9270798150,8760117,70,2,1,992042,0,0,10018
735,9279558337,8780447,70,1,1,1014981,0,0,10075
736,9288338824,9235708,70,2,1,1013712,0,0,10059
737,9297574582,8542287,74,1,1,1025811,0,0,10030
738,9306116919,9184637,68,2,1,1069641,0,0,10053
739,9315301616,8698637,74,1,1,1030151,0,0,10075
740,9324000323,9372088,69,2,1,1086110,0,0,10048
741,9333372461,8965667,75,1,1,1069431,0,0,10100
742,9342338208,9334958,72,2,1,1019782,0,0,10187
743,9351673206,8666117,71,1,1,1497178,0,0,10127
744,9360339373,9168398,73,2,1,1022721,0,0,10136
745,9369507821,8588627,70,1,1,1446748,0,0,9998
746,9378096488,8493516,72,2,1,1033091,0,0,9991
747,9386590054,8468047,67,1,1,1153670,0,0,10036
748,9395058151,8734298,69,2,1,1159671,0,0,10012
749,9403792579,8729167,69,1,1,1118751,0,0,9982
750,9412521786,8538337,70,2,1,1113660,0,0,10057
751,9421060173,8563007,69,1,1,999972,0,0,10100
752,9429623240,9120007,68,2,1,1064401,0,0,10103
753,9438743377,8604217,73,1,1,1062001,0,0,10006
754,9447347654,9052087,69,2,1,1046621,0,0,9970
755,9456399781,9833939,73,1,1,1078341,0,0,9988
756,9466233770,8695387,78,2,1,1074201,0,0,9995
757,9474929207,8340306,67,1,1,1379528,0,0,10013
758,9483269553,8842318,69,2,1,1104340,0,0,9997
759,9492111931,8596367,71,1,1,1057941,0,0,10022
760,9500708358,8849957,69,2,1,1026551,0,0,9929
761,9509558375,8422417,71,1,1,991241,0,0,9931
762,9517980842,8857307,67,2,1,1067211,0,0,9954
763,9526838189,8783257,71,1,1,1000812,0,0,10028
764,9535621486,8802777,70,2,1,1109161,0,0,10005
765,9544424323,8775658,71,1,1,997662,0,0,9950
766,9553200021,8712337,70,2,1,1017132,0,0,9996
767,9561912398,8590317,69,1,1,1103341,0,0,9973
768,9570505025,8850057,69,2,1,1095050,0,0,9985
769,9579355142,8617467,71,1,1,1063351,0,0,9980
770,9587972659,8778277,69,2,1,1049271,0,0,9965
771,9596751036,8819497,70,1,1,1092520,0,0,10036
772,9605570603,8688767,71,2,1,1056981,0,0,10030
773,9614259430,8790488,69,1,1,1096731,0,0,9978
774,9623049978,8854087,71,2,1,1006381,0,0,9992
775,9631904115,8722267,71,1,1,990722,0,0,10006
776,9640626432,8894467,69,2,1,1102211,0,0,10040
777,9649521029,9563248,72,1,1,1248889,0,0,10021
778,9659084357,8724507,76,2,1,1036541,0,0,10013
779,9667808904,9056378,70,1,1,1000681,0,0,10024
780,9676868322,8839887,72,2,1,1265629,0,0,10059
781,9685708309,8979587,71,1,1,1044701,0,0,10055
782,9694687996,8605107,72,2,1,1080301,0,0,10019
783,9703293253,9196778,69,1,1,1021001,0,0,10015
784,9712490151,8623817,73,2,1,1103160,0,0,10075
785,9721114088,9351127,69,1,1,1090861,0,0,10065
786,9730465395,8913298,75,2,1,1098300,0,0,10029
787,9739378803,8777597,71,1,1,1133441,0,0,10012
788,9748156460,8783207,71,2,1,1005551,0,0,10054
789,9756939867,9152037,70,1,1,1039421,0,0,10053
790,9766092024,8753468,74,2,1,1014131,0,0,10041
791,9774845722,8952347,69,1,1,1111851,0,0,10094
792,9783798149,8673837,72,2,1,1035412,0,0,10103
793,9792472046,8645547,68,1,1,1197050,0,0,9972
794,9801117643,8784337,70,2,1,1222969,0,0,10018
795,9809902040,8936497,70,1,1,1099100,0,0,10001
796,9818838587,8614057,72,2,1,1036231,0,0,10011
797,9827452794,9070398,69,1,1,1032661,0,0,9967
798,9836523242,9091857,73,2,1,1239950,0,0,10018
799,9845615219,9265458,70,1,1,1341679,0,0,10131
800,9854880717,8919817,76,2,1,1070921,0,0,10078
801,9863800594,8847217,66,1,1,1751165,0,0,10035
802,9872647881,9182788,77,2,1,1205689,0,0,10005
803,9881830739,8600447,73,2,1,1057081,0,0,10038
804,9890431256,8884727,69,1,1,1014991,0,0,9998
805,9899316013,8569087,71,2,1,1025512,0,0,10057
806,9907885130,8800187,68,1,1,1074561,0,0,9991
807,9916685357,8502817,70,1,1,987921,0,0,10034
808,9925188204,8784517,69,2,1,1002782,0,0,9997
809,9933972761,8643868,66,1,1,1542317,0,0,10124
810,9942616679,9300937,73,2,1,1063641,0,0,10124
811,9951917656,8362547,69,1,1,1747505,0,0,10107
812,9960280253,8881217,73,2,1,990072,0,0,10065
813,9969161530,8331937,69,1,1,1237789,0,0,9976
814,9977493517,8898227,68,2,1,1067021,0,0,10068
815,9986391794,8582087,71,1,1,1083761,0,0,10009
816,9994973921,9133298,69,2,1,1047951,0,0,10090
817,10004107259,8827077,73,1,1,1050821,0,0,10074
818,10012934386,9057867,71,2,1,1001542,0,0,10028
819,10021992293,8577647,69,1,1,1437928,0,0,9969
820,10030569980,8952228,72,2,1,1003112,0,0,9906
821,10039522258,8473497,70,1,1,1212610,0,0,9902
822,10047995795,9084997,69,2,1,1079961,0,0,9939
823,10057080832,8423767,71,1,1,1269189,0,0,9990
824,10065504649,8995837,69,2,1,1087081,0,0,10029
825,10074500536,8390177,72,1,1,1065771,0,0,10009
826,10082890753,8918477,67,2,1,1081061,0,0,9945
827,10091809290,8916248,72,1,1,995032,0,0,9965
828,10100725588,8927517,71,2,1,1048781,0,0,9958
829,10109653155,8633877,71,1,1,1092930,0,0,9983
830,10118287082,8944487,69,2,1,1107761,0,0,9977
831,10127235229,8321827,72,1,1,1058601,0,0,9984
832,10135557126,8978767,67,2,1,1000941,0,0,9995
833,10144535943,8780628,71,1,1,1099591,0,0,10012
834,10153316621,8991277,71,2,1,1004101,0,0,9993
835,10162307948,8670207,72,1,1,993791,0,0,10001
836,10170978205,9229578,69,2,1,1044801,0,0,10017
837,10180207843,8842687,74,1,1,1001101,0,0,9996
838,10189050580,9196857,71,2,1,994452,0,0,10020
839,10198247547,8625997,73,1,1,1061171,0,0,10061
840,10206873594,9319878,69,2,1,1057641,0,0,10010
841,10216193582,8567937,73,1,1,1264489,0,0,10058
842,10224761569,9538358,70,2,1,1084291,0,0,10034
843,10234300037,8606747,77,2,1,1022461,0,0,9988
844,10242906934,8782067,69,1,1,980881,0,0,9989
845,10251689051,8918987,64,1,1,1641746,0,0,9960
846,10260608078,8354467,76,2,1,1087221,0,0,10025
847,10268962595,8855977,66,1,1,1154670,0,0,9997
848,10277818612,8314887,72,2,1,1018251,0,0,9972
849,10286133639,8814597,66,1,1,1079221,0,0,10022
850,10294948276,8724197,50,1,1,3643199,0,0,10068
851,10303672513,9439268,91,2,1,997981,0,0,10126
852,10313111831,8529177,75,2,1,1061491,0,0,10144
853,10321641058,9202058,68,1,1,1086701,0,0,10101
854,10330843186,8548727,74,2,1,1038282,0,0,10084
855,10339391953,9176017,67,1,1,1087861,0,0,10043
856,10348568020,8448937,74,2,1,1006711,0,0,10098
857,10357017017,8135327,67,1,1,1084970,0,0,9959
858,10365152394,8440456,66,2,1,981262,0,0,10021
859,10373592900,8686468,67,1,1,1030002,0,0,10000
860,10382279418,8484826,70,2,1,985332,0,0,10015
861,10390764294,8682018,67,1,1,1082231,0,0,9977
862,10399446362,8596487,70,2,1,1001322,0,0,10005
863,10408042899,8834757,69,1,1,976332,0,0,10127
864,10416877696,8620587,64,1,1,1817125,0,0,10065
865,10425498333,8804417,75,2,1,1071501,0,0,10014
866,10434302800,8852397,65,1,1,1738875,0,0,10016
867,10443155317,8710717,76,2,1,1105181,0,0,10008
868,10451866084,8796998,65,1,1,1679186,0,0,9998
869,10460663192,8508347,76,2,1,999492,0,0,10054
870,10469171599,9255237,66,1,1,1235620,0,0,10009
871,10478426876,8556817,76,2,1,1099230,0,0,9983
872,10486983823,9225328,64,1,1,1562146,0,0,10027
873,10496209261,9275207,78,2,1,1160670,0,0,10044
874,10505484588,8921187,74,2,1,1336629,0,0,10118
875,10514405895,9252768,72,1,1,1261529,0,0,10110
876,10523658803,8803157,74,2,1,1234970,0,0,10013
877,10532462080,8819597,70,1,1,1014571,0,0,10038
878,10541281787,8229027,71,2,1,988191,0,0,10035
879,10549510854,8982707,65,1,1,1122320,0,0,10105
880,10558493921,8388357,72,2,1,1066301,0,0,9970
881,10566882338,8931108,67,1,1,1092321,0,0,9926
882,10575817056,8513577,72,2,1,1026101,0,0,10044
883,10584330743,9156317,68,1,1,1004422,0,0,9953
884,10593487250,8564547,73,2,1,1071651,0,0,10027
885,10602051857,9046497,69,1,1,1020401,0,0,10031
886,10611098504,8448757,72,2,1,1059561,0,0,9961
887,10619547381,9507268,68,1,1,990762,0,0,9955
888,10629054769,8314287,76,2,1,997641,0,0,9993
889,10637369176,9733078,66,1,1,1069450,0,0,9969
890,10647102384,8554767,78,2,1,1051491,0,0,9972
891,10655657191,9445318,68,1,1,1129430,0,0,9993
892,10665102639,8496996,76,2,1,1047711,0,0,9964
893,10673599755,9214438,68,1,1,1040241,0,0,10009
894,10682814313,8488057,74,2,1,1011512,0,0,9996
895,10691302490,9210287,68,1,1,991982,0,0,10000
896,10700514607,8460867,73,2,1,1103470,0,0,9995
897,10708975534,9348508,68,1,1,1077391,0,0,9994
898,10718324122,8486287,75,2,1,1011571,0,0,9987
899,10726810479,9280647,68,1,1,997301,0,0,10004
900,10736091176,8349837,74,2,1,1035391,0,0,9895
901,10744441073,9173208,67,1,1,995801,0,0,9956
902,10753614351,8676817,73,2,1,1068760,0,0,9971
903,10762291218,9837868,70,1,1,1018242,0,0,10061
